block_number,block_timestamp,timestamp_utc,transaction_hash,log_index,pool_address,tx_from,swap_sender,swap_recipient,direction,target_symbol,quote_symbol,amount0_raw_signed,amount1_raw_signed,target_delta_pool_raw_signed,quote_delta_pool_raw_signed,target_amount_abs,quote_amount_abs,price_quote_per_target,sqrt_price_x96,liquidity,tick
25685007,1785888095,2026-08-05T00:01:35+00:00,0x4a967265e0b91a3a283393d7937fcf8cf0cac515aa955f990d0d783c7b1242f2,1221,0x7baece5d47f1bc5e1953fbe0e9931d54dab6d810,,0xa5f91e598668040055dc861a7316e677a5b730b0,0x45719b393d18509e94d34f97cf593e6e9687cc08,SELL_TURBO,TURBO,WETH,87781200000000000000000,-39207606760276239,87781200000000000000000,-39207606760276239,87781.2,0.039207606760276239,0.0000004466515240196789175814411286,53213495641156273616135937,515098812384618305063309,-146123
25685007,1785888095,2026-08-05T00:01:35+00:00,0x4a967265e0b91a3a283393d7937fcf8cf0cac515aa955f990d0d783c7b1242f2,1231,0x7baece5d47f1bc5e1953fbe0e9931d54dab6d810,,0xa5f91e598668040055dc861a7316e677a5b730b0,0xa5f91e598668040055dc861a7316e677a5b730b0,SELL_TURBO,TURBO,WETH,351124800000000000000000,-156741610902029207,351124800000000000000000,-156741610902029207,351124.8,0.156741610902029207,0.0000004463985765233022759998724100,53189386966232711728416334,515098812384618305063309,-146132
25685243,1785890939,2026-08-05T00:48:59+00:00,0x612ecbe0d4c99cbe77877109b9c40ce3eedb79d146c560b3bbf37d2618fd1005,163,0x7baece5d47f1bc5e1953fbe0e9931d54dab6d810,,0xbdb3ba9ffe392549e1f8658dd2630c141fdf47b6,0xbdb3ba9ffe392549e1f8658dd2630c141fdf47b6,SELL_TURBO,TURBO,WETH,590170065456272569794560,-263131345845041973,590170065456272569794560,-263131345845041973,590170.06545627256979456,0.263131345845041973,0.0000004458568152581743334300332693,53148914318014603319494551,515098812384618305063309,-146148
25685352,1785892247,2026-08-05T01:10:47+00:00,0x7c66780644e84eef4c3c2a44efa069595f433f947f570269ecc5624323d6ab18,1384,0x7baece5d47f1bc5e1953fbe0e9931d54dab6d810,,0x0889e9327b98d7d1be3c301a4585ff3330502c9a,0x0889e9327b98d7d1be3c301a4585ff3330502c9a,SELL_TURBO,TURBO,WETH,11781374763952673481184,-5241102565817416,11781374763952673481184,-5241102565817416,11781.374763952673481184,0.005241102565817416,0.0000004448634111745220633233988314,53070876824835374216947908,5321069513148245131581,-146177
25685554,1785894671,2026-08-05T01:51:11+00:00,0x266e5aab31706339571fdd43ea33a3985239d4da0a312c387c0ca15ef742f70f,40,0x7baece5d47f1bc5e1953fbe0e9931d54dab6d810,,0xbdb3ba9ffe392549e1f8658dd2630c141fdf47b6,0xbdb3ba9ffe392549e1f8658dd2630c141fdf47b6,SELL_TURBO,TURBO,WETH,11021743710382732607488,-4889255349384049,11021743710382732607488,-4889255349384049,11021.743710382732607488,0.004889255349384049,0.0000004436008927315429723089480159,52998078167265206954485220,5321069513148245131581,-146204
25685631,1785895595,2026-08-05T02:06:35+00:00,0x8c36bb7317a136756c61452eacaddc48d4ee05ffc051845f83702af682dcb606,96,0x7baece5d47f1bc5e1953fbe0e9931d54dab6d810,,0xbdb3ba9ffe392549e1f8658dd2630c141fdf47b6,0xbdb3ba9ffe392549e1f8658dd2630c141fdf47b6,SELL_TURBO,TURBO,WETH,11337650514617281019904,-5015415984941163,11337650514617281019904,-5015415984941163,11337.650514617281019904,0.005015415984941163,0.0000004423681942281553652319392256,52923401038588409088682155,5321069513148245131581,-146233
25685732,1785896807,2026-08-05T02:26:47+00:00,0x82a67e8a6ad62507bfc3f17272cfc66e57a00b242bda780a438126e55e83e057,358,0x7baece5d47f1bc5e1953fbe0e9931d54dab6d810,,0x1111111254eeb25477b68fb85ed929f73a960582,0x1111111254eeb25477b68fb85ed929f73a960582,SELL_TURBO,TURBO,WETH,9199653278180848179553,-4059258558188624,9199653278180848179553,-4059258558188624,9199.653278180848179553,0.004059258558188624,0.0000004412403854193195474851951236,52862960633526813598346457,5321069513148245131581,-146255
25685920,1785899063,2026-08-05T03:04:23+00:00,0x2c403353b01d3df05038ba5012fc742b3520eac403bff1efd0406da7b7c28305,161,0x7baece5d47f1bc5e1953fbe0e9931d54dab6d810,,0xbdb3ba9ffe392549e1f8658dd2630c141fdf47b6,0xbdb3ba9ffe392549e1f8658dd2630c141fdf47b6,SELL_TURBO,TURBO,WETH,10357340220888159617024,-4558995873660015,10357340220888159617024,-4558995873660015,10357.340220888159617024,0.004558995873660015,0.0000004401705241337600200855530409,52795079380502834702767359,5321069513148245131581,-146281
25687092,1785913199,2026-08-05T06:59:59+00:00,0x4379ccfa135cebc6a3f31bbe117f3e317c46ede49b5b525801d932b05b585fca,349,0x7baece5d47f1bc5e1953fbe0e9931d54dab6d810,,0x75cf59a923a2649b84fa569bb97ea9694b6f26e4,0x75cf59a923a2649b84fa569bb97ea9694b6f26e4,SELL_TURBO,TURBO,WETH,21934000000000000000000,-9642034794712875,21934000000000000000000,-9642034794712875,21934,0.009642034794712875,0.0000004395930881149300173247013769,52793612560772819964623585,520800671038170074911775,-146282
25687933,1785923339,2026-08-05T09:48:59+00:00,0x89a42176fb030f26e4a17653eaa4cc9dbcc16b233c2b110e86413e71c18cbe30,37,0x7baece5d47f1bc5e1953fbe0e9931d54dab6d810,,0xbdb3ba9ffe392549e1f8658dd2630c141fdf47b6,0xbdb3ba9ffe392549e1f8658dd2630c141fdf47b6,SELL_TURBO,TURBO,WETH,15447071358885497405440,-6777258230036373,15447071358885497405440,-6777258230036373,15447.07135888549740544,0.006777258230036373,0.0000004387406565671067502651194055,52692702449539793138936685,5321069513148245131581,-146320
25688071,1785925007,2026-08-05T10:16:47+00:00,0xfa7256d3840d8d5ed0d0009a61364e1ff464fb6accb11b2642d573a8bb7a275a,18,0x7baece5d47f1bc5e1953fbe0e9931d54dab6d810,,0xbdb3ba9ffe392549e1f8658dd2630c141fdf47b6,0xbdb3ba9ffe392549e1f8658dd2630c141fdf47b6,SELL_TURBO,TURBO,WETH,19970579992493638549504,-8723600543576131,19970579992493638549504,-8723600543576131,19970.579992493638549504,0.008723600543576131,0.0000004368225933776124316687547010,52562812238583490820867825,5321069513148245131581,-146369
25689150,1785938003,2026-08-05T13:53:23+00:00,0x51039abd17235a4d87cef87a9ad8f7014cf9d78af01c126dffc67de27bd9bdb2,374,0x7baece5d47f1bc5e1953fbe0e9931d54dab6d810,,0x045d21b97747686c4b4f8d70e6feeadcb3f6d345,0x045d21b97747686c4b4f8d70e6feeadcb3f6d345,SELL_TURBO,TURBO,WETH,79791307211677285965000,-34429630827899965,79791307211677285965000,-34429630827899965,79791.307211677285965,0.034429630827899965,0.0000004314960116715729489760015489,52050171616280275409971706,5321069513148245131581,-146565
25689157,1785938087,2026-08-05T13:54:47+00:00,0xac18da4d88bb27f2808f587c748cfdb95c3f7a005ebe94817defba569f44520f,364,0x7baece5d47f1bc5e1953fbe0e9931d54dab6d810,,0x1f2f10d1c40777ae1da742455c65828ff36df387,0x1f2f10d1c40777ae1da742455c65828ff36df387,BUY_TURBO,TURBO,WETH,-19442471721675795294049,8496600657690624,-19442471721675795294049,8496600657690624,19442.471721675795294049,0.008496600657690624,0.0000004370123706142791152216418687,52175416805335276538144470,5321069513148245131581,-146517
25689818,1785946067,2026-08-05T16:07:47+00:00,0xcccda928318b7ddebf4bc2fac1e748a7a3abfbfcecb652344ad05fffe8007e76,202,0x7baece5d47f1bc5e1953fbe0e9931d54dab6d810,,0x68b3465833fb72a70ecdf485e0e4c7bd8665fc45,0x0eb8d76a3895938870f70aa77a58214f27ef9aa9,BUY_TURBO,TURBO,WETH,-1079466432936725325297,472938487955494,-1079466432936725325297,472938487955494,1079.466432936725325297,0.000472938487955494,0.0000004381224589530298586601177197,52182388213398542138324027,5321069513148245131581,-146515
25689906,1785947123,2026-08-05T16:25:23+00:00,0x971c54da10480d40f0abd773419883bc560540c8df3006a9727aec79f35d8bb5,331,0x7baece5d47f1bc5e1953fbe0e9931d54dab6d810,,0xa5f91e598668040055dc861a7316e677a5b730b0,0x3d90f66b534dd8482b181e24655a9e8265316be9,BUY_TURBO,TURBO,WETH,-2400311565011494155294,1052083500000000,-2400311565011494155294,1052083500000000,2400.311565011494155294,0.0010520835,0.0000004383112239826924229831970651,52197896579881540050655286,5321069513148245131581,-146509
25690480,1785954047,2026-08-05T18:20:47+00:00,0x2ab43410d5a5898916972b04772a924f9889590f722cc8980e350c6d804e35b2,467,0x7baece5d47f1bc5e1953fbe0e9931d54dab6d810,,0xbdb3ba9ffe392549e1f8658dd2630c141fdf47b6,0xbdb3ba9ffe392549e1f8658dd2630c141fdf47b6,SELL_TURBO,TURBO,WETH,29999372399723696619520,-12843994945155118,29999372399723696619520,-12843994945155118,29999.37239972369661952,0.012843994945155118,0.0000004281421215756305327079851131,52006655680597541371186207,5321069513148245131581,-146582
25690519,1785954515,2026-08-05T18:28:35+00:00,0xc85aeb030ef0c081d1e98ad233f3d4cfd2e809eec58ec0a99043ea2531742745,332,0x7baece5d47f1bc5e1953fbe0e9931d54dab6d810,,0xbc1d9760bd6ca468ca9fb5ff2cfbeac35d86c973,0xbc1d9760bd6ca468ca9fb5ff2cfbeac35d86c973,SELL_TURBO,TURBO,WETH,1491355037260448772984000,-589456097421671942,1491355037260448772984000,-589456097421671942,1491355.037260448772984,0.589456097421671942,0.0000003952486716405745511607887102,48212747916571413240747608,12398644443415126429848,-148097
25690519,1785954515,2026-08-05T18:28:35+00:00,0x89dc0df283e6777320af79d4dd0efeea9563b39165c0b7f5f6c06463ce4c1326,481,0x7baece5d47f1bc5e1953fbe0e9931d54dab6d810,,0x7cf7132a8be97d71852124dc96cd9e08621a49bb,0x0bf3597fd15efe8c7da8adb37e5c71ab96da1b90,BUY_TURBO,TURBO,WETH,-610918269841269822791219,235577427000633066,-610918269841269822791219,235577427000633066,610918.269841269822791219,0.235577427000633066,0.0000003856120182194605670997704217,49703049786966677736768485,12398644443415126429848,-147488
25690519,1785954515,2026-08-05T18:28:35+00:00,0x89dc0df283e6777320af79d4dd0efeea9563b39165c0b7f5f6c06463ce4c1326,484,0x7baece5d47f1bc5e1953fbe0e9931d54dab6d810,,0x7cf7132a8be97d71852124dc96cd9e08621a49bb,0x48cb38520e6e3e2fcff3fbdf0c8273edb3386dcb,BUY_TURBO,TURBO,WETH,-610918269841269822791219,250605813131571966,-610918269841269822791219,250605813131571966,610918.269841269822791219,0.250605813131571966,0.0000004102116854300084027957094175,51288423720271858930048196,12398644443415126429848,-146860
25690519,1785954515,2026-08-05T18:28:35+00:00,0x89dc0df283e6777320af79d4dd0efeea9563b39165c0b7f5f6c06463ce4c1326,487,0x7baece5d47f1bc5e1953fbe0e9931d54dab6d810,,0x7cf7132a8be97d71852124dc96cd9e08621a49bb,0x9d1056815e425d81f2269e52241b86f149f21b33,BUY_TURBO,TURBO,WETH,-5975561217605291735200,2530221602424561,-5975561217605291735200,2530221602424561,5975.5612176052917352,0.002530221602424561,0.0000004234282789991310973915952134,51304430321730315693588480,12398644443415126429848,-146854
25690520,1785954527,2026-08-05T18:28:47+00:00,0xc62eb0a1ab7c62959cd40777bda8cdc56dfad3f1b3cb260a0ba54aa2ea8ccbb8,92,0x7baece5d47f1bc5e1953fbe0e9931d54dab6d810,,0x009a8dbad7000f0000009b002d050058ca881b57,0x000000000004444c5dc75cb358380d2e3de08a90,BUY_TURBO,TURBO,WETH,-29738404563288203070213,12615605495247826,-29738404563288203070213,12615605495247826,29738.404563288203070213,0.012615605495247826,0.0000004242193110393581503888431507,51384238734213257393664287,12398644443415126429848,-146823
25690522,1785954551,2026-08-05T18:29:11+00:00,0xf4b804e3badd706b2f971c9a6baa3729404b06b203977378d8febf53b7a5fa23,2,0x7baece5d47f1bc5e1953fbe0e9931d54dab6d810,,0xbdb3ba9ffe392549e1f8658dd2630c141fdf47b6,0xbdb3ba9ffe392549e1f8658dd2630c141fdf47b6,BUY_TURBO,TURBO,WETH,-50360417162326399005726,21453610053108376,-50360417162326399005726,21453610053108376,50360.417162326399005726,0.021453610053108376,0.0000004260014364844734475532424925,51519957829187463657549881,12398644443415126429848,-146770
25691062,1785961031,2026-08-05T20:17:11+00:00,0xe46f52e1c9e20f7ac5248bfc9a9bedb1c350dd7a4c11772f4a394151da4eb09b,15,0x7baece5d47f1bc5e1953fbe0e9931d54dab6d810,,0xae0562f6349e1b574a75248bd53848a3039751aa,0xae0562f6349e1b574a75248bd53848a3039751aa,SELL_TURBO,TURBO,WETH,1260532810107460348705590,-495276838725846280,1260532810107460348705590,-495276838725846280,1260532.81010746034870559,0.49527683872584628,0.0000003929107078804429995923766447,48355105893380675685809988,12398644443415126429848,-148038
25691062,1785961031,2026-08-05T20:17:11+00:00,0x5e43473a7bc9826f702bf3557b145aa17ca864482fddcc745c8dcaf6f9391af8,36,0x7baece5d47f1bc5e1953fbe0e9931d54dab6d810,,0x81463b0f960f247f704377661ec81c1fd65b5128,0x81463b0f960f247f704377661ec81c1fd65b5128,BUY_TURBO,TURBO,WETH,-1010690241216489476587520,400194594359236870,-1010690241216489476587520,400194594359236870,1010690.24121648947658752,0.40019459435923687,0.0000003959616686093195745164490582,50886803263918822123475212,12398644443415126429848,-147018
25691062,1785961031,2026-08-05T20:17:11+00:00,0xc553495556481eaaef44ae8933ecdd76c87ca4f11ab5d20175b392218ebfed51,43,0x7baece5d47f1bc5e1953fbe0e9931d54dab6d810,,0xcbc35d5c850a94bf4866b768a72fa688db07dde6,0xcbc35d5c850a94bf4866b768a72fa688db07dde6,SELL_TURBO,TURBO,WETH,113226502251335836689661,-45974805657796710,113226502251335836689661,-45974805657796710,113226.502251335836689661,0.04597480565779671,0.0000004060427969040640671590027971,50593021198400187535220082,12398644443415126429848,-147133
25691062,1785961031,2026-08-05T20:17:11+00:00,0xf55c5fcda680637444eea1084867239e1c4d4111dfb887efff146e0a110bf360,452,0x7baece5d47f1bc5e1953fbe0e9931d54dab6d810,,0x7cf7132a8be97d71852124dc96cd9e08621a49bb,0x0bf3597fd15efe8c7da8adb37e5c71ab96da1b90,BUY_TURBO,TURBO,WETH,-243609433870179373137391,101616544292915697,-243609433870179373137391,101616544292915697,243609.433870179373137391,0.101616544292915697,0.0000004171289374083420641947920620,51235864309265935043919872,12398644443415126429848,-146881
25691063,1785961043,2026-08-05T20:17:23+00:00,0xb59abc2834b9530696a25f1473b136f3960206ceae7c34d6b74a9bbc3b5dfa6d,76,0x7baece5d47f1bc5e1953fbe0e9931d54dab6d810,,0x8f10b468b06c6fd214b65f87778827f7d113f996,0xbee3211ab312a8d065c4fef0247448e17a8da000,BUY_TURBO,TURBO,WETH,-70970747734129283903884,30091494484304250,-70970747734129283903884,30091494484304250,70970.747734129283903884,0.03009149448430425,0.0000004239985549684927856923753922,51426228093623028371701158,12398644443415126429848,-146807
25691124,1785961775,2026-08-05T20:29:35+00:00,0xf9a77f1c56d5a5ee5f7f77c280ba9e0ab62e23dd7e2a3cf4ee5cd1d40466b835,18,0x7baece5d47f1bc5e1953fbe0e9931d54dab6d810,,0xbdb3ba9ffe392549e1f8658dd2630c141fdf47b6,0xbdb3ba9ffe392549e1f8658dd2630c141fdf47b6,BUY_TURBO,TURBO,WETH,-32808123542502478434286,13986303297742642,-32808123542502478434286,13986303297742642,32808.123542502478434286,0.013986303297742642,0.0000004263061031096025972402722675,51514707767715424758162548,12398644443415126429848,-146772
25691151,1785962099,2026-08-05T20:34:59+00:00,0x705bad4bd3c2124de6eae8fa7a86fcb0843d843f154216cf86e287f5d08d0a15,16,0x7baece5d47f1bc5e1953fbe0e9931d54dab6d810,,0xbdb3ba9ffe392549e1f8658dd2630c141fdf47b6,0xbdb3ba9ffe392549e1f8658dd2630c141fdf47b6,BUY_TURBO,TURBO,WETH,-30830106887607815673781,13186996129868182,-30830106887607815673781,13186996129868182,30830.106887607815673781,0.013186996129868182,0.0000004277311193873513579516016318,51598130892110041961053961,12398644443415126429848,-146740
25691251,1785963299,2026-08-05T20:54:59+00:00,0x1c60f838de1dca079277b4f5dcb4aab6206f88d428fab4753781adb0880c8845,328,0x7baece5d47f1bc5e1953fbe0e9931d54dab6d810,,0xbdb3ba9ffe392549e1f8658dd2630c141fdf47b6,0xbdb3ba9ffe392549e1f8658dd2630c141fdf47b6,BUY_TURBO,TURBO,WETH,-32768019239502451349806,14062803800603636,-32768019239502451349806,14062803800603636,32768.019239502451349806,0.014062803800603636,0.0000004291624616617249399391443203,51687094521070064994849389,12398644443415126429848,-146705
25691309,1785963995,2026-08-05T21:06:35+00:00,0xece6e5116446be7cffb8c759fa344d358cd72df998df080717f4642b4fc544b6,65,0x7baece5d47f1bc5e1953fbe0e9931d54dab6d810,,0xbdb3ba9ffe392549e1f8658dd2630c141fdf47b6,0xbdb3ba9ffe392549e1f8658dd2630c141fdf47b6,BUY_TURBO,TURBO,WETH,-41554791319637046796075,17903651183043556,-41554791319637046796075,17903651183043556,41554.791319637046796075,0.017903651183043556,0.0000004308444493278695250412546785,51800355987521697896366431,12398644443415126429848,-146662
25691457,1785965783,2026-08-05T21:36:23+00:00,0x1a3802a2bcad02ed42e74f5b400f93b0b8231c52c54d6279d725900ba58bc7db,24,0x7baece5d47f1bc5e1953fbe0e9931d54dab6d810,,0xbdb3ba9ffe392549e1f8658dd2630c141fdf47b6,0xbdb3ba9ffe392549e1f8658dd2630c141fdf47b6,BUY_TURBO,TURBO,WETH,-34397490277065363566891,14879431946518844,-34397490277065363566891,14879431946518844,34397.490277065363566891,0.014879431946518844,0.0000004325731856210379611017807143,51894485741559025476331408,12398644443415126429848,-146625
25691508,1785966395,2026-08-05T21:46:35+00:00,0x80e00af83d98bd3e3a66200a132aed93b0cc251fbbd2b2357cd62d38d179caa3,274,0x7baece5d47f1bc5e1953fbe0e9931d54dab6d810,,0x68b3465833fb72a70ecdf485e0e4c7bd8665fc45,0x68b3465833fb72a70ecdf485e0e4c7bd8665fc45,SELL_TURBO,TURBO,WETH,19750000000000000000000,-8379868222251617,19750000000000000000000,-8379868222251617,19750,0.008379868222251617,0.0000004242971251772970632911392405,51840937826350175624305327,12398644443415126429848,-146646
25691617,1785967703,2026-08-05T22:08:23+00:00,0xf1f0f1b0f97d8f6d780de38a0a5941e099e4ef222d27a33324f683b30fa76328,255,0x7baece5d47f1bc5e1953fbe0e9931d54dab6d810,,0xbdb3ba9ffe392549e1f8658dd2630c141fdf47b6,0xbdb3ba9ffe392549e1f8658dd2630c141fdf47b6,BUY_TURBO,TURBO,WETH,-32274499036664415918284,13981417032931316,-32274499036664415918284,13981417032931316,32274.499036664415918284,0.013981417032931316,0.0000004332032239152085000988328733,51929386589121057549517068,12398644443415126429848,-146612
25691636,1785967931,2026-08-05T22:12:11+00:00,0x8fd7e62ecd3bf9bea49961ac0cf7f64cce609ad4fb370f3fcf84ca98196fe781,59,0x7baece5d47f1bc5e1953fbe0e9931d54dab6d810,,0x4c82d1fbfe28c977cbb58d8c7ff8fcf9f70a2cca,0x4c82d1fbfe28c977cbb58d8c7ff8fcf9f70a2cca,SELL_TURBO,TURBO,WETH,1533970090000000000000000,-603924518255446027,1533970090000000000000000,-603924518255446027,1533970.09,0.603924518255446027,0.0000003937003219244294567699165503,48070268755953167922413970,12398644443415126429848,-148156
25691636,1785967931,2026-08-05T22:12:11+00:00,0x95025a595fd0f4f647b2594baf61bcf55dd469029fe36d4dc8f617c275639524,63,0x7baece5d47f1bc5e1953fbe0e9931d54dab6d810,,0x447a03c131c0a97a8b8d548e3cd81aec4ce05d73,0x43dfc508a7040eaffdc7668aacff562003b04711,BUY_TURBO,TURBO,WETH,-1529642539055978689424886,614806189494823552,-1529642539055978689424886,614806189494823552,1529642.539055978689424886,0.614806189494823552,0.0000004019280150735427138072271235,51960573424965764166806673,5321069513148245131581,-146600
25691947,1785971687,2026-08-05T23:14:47+00:00,0x44f81873b7a0f630848f4344e914510caeb4eb7f0c99c34c5d68a8d24d1a6ccf,89,0x7baece5d47f1bc5e1953fbe0e9931d54dab6d810,,0x8f10b468b06c6fd214b65f87778827f7d113f996,0x8f10b468b06c6fd214b65f87778827f7d113f996,SELL_TURBO,TURBO,WETH,155901347254178338045793,-65845628328692868,155901347254178338045793,-65845628328692868,155901.347254178338045793,0.065845628328692868,0.0000004223544535592724219891767439,51538876723808200650068505,12398644443415126429848,-146763
25691947,1785971687,2026-08-05T23:14:47+00:00,0xa1b244a0ec4b82f21271fb601902d3727c0fe197dca4af7a2ea4b59fa9fd1904,100,0x7baece5d47f1bc5e1953fbe0e9931d54dab6d810,,0x8f10b468b06c6fd214b65f87778827f7d113f996,0xbee3211ab312a8d065c4fef0247448e17a8da000,BUY_TURBO,TURBO,WETH,-73271795017914585355751,31440188802838240,-73271795017914585355751,31440188802838240,73271.795017914585355751,0.03144018880283824,0.0000004290899219154010348532339973,51737772572086245412772736,12398644443415126429848,-146686
25692022,1785972587,2026-08-05T23:29:47+00:00,0xb3364d00b2d79df18196545a04880e777cd5e2c344fe01c19a44d6de7e55773e,35,0x7baece5d47f1bc5e1953fbe0e9931d54dab6d810,,0xbdb3ba9ffe392549e1f8658dd2630c141fdf47b6,0xbdb3ba9ffe392549e1f8658dd2630c141fdf47b6,BUY_TURBO,TURBO,WETH,-23502893305377328156025,10136320994507990,-23502893305377328156025,10136320994507990,23502.893305377328156025,0.01013632099450799,0.0000004312797093874760294124487916,51801896619663186857902200,12398644443415126429848,-146661
25692232,1785975119,2026-08-06T00:11:59+00:00,0x1de3cac3f6872ef9154324dcdab2b4d2c24d69888b80941eb90ce41cd28092db,26,0x7baece5d47f1bc5e1953fbe0e9931d54dab6d810,,0xbdb3ba9ffe392549e1f8658dd2630c141fdf47b6,0xbdb3ba9ffe392549e1f8658dd2630c141fdf47b6,BUY_TURBO,TURBO,WETH,-33877768622955227972124,14655084424236586,-33877768622955227972124,14655084424236586,33877.768622955227972124,0.014655084424236586,0.0000004325870628417495996084023960,51894607114069688716779696,12398644443415126429848,-146625
25692325,1785976235,2026-08-06T00:30:35+00:00,0xb8bcef99dff395482899bb54c1a0e6cf38fa150088daa50423cb58aef2bb171d,72,0x7baece5d47f1bc5e1953fbe0e9931d54dab6d810,,0xbdb3ba9ffe392549e1f8658dd2630c141fdf47b6,0xbdb3ba9ffe392549e1f8658dd2630c141fdf47b6,BUY_TURBO,TURBO,WETH,-34062485796590788930047,14791432389248566,-34062485796590788930047,14791432389248566,34062.485796590788930047,0.014791432389248566,0.0000004342440677282864564969798672,52027087405412368377985168,5321069513148245131581,-146574
25692398,1785977111,2026-08-06T00:45:11+00:00,0x3d9a3cf77f56ee3429397964ec5903bbc45188b081f71de59f63ba710cffc0df,427,0x7baece5d47f1bc5e1953fbe0e9931d54dab6d810,,0xbdb3ba9ffe392549e1f8658dd2630c141fdf47b6,0xbdb3ba9ffe392549e1f8658dd2630c141fdf47b6,BUY_TURBO,TURBO,WETH,-21145487406829167268580,9234580428848248,-21145487406829167268580,9234580428848248,21145.48740682916726858,0.009234580428848248,0.0000004367163665315105900103216205,52163210876227468746621091,5321069513148245131581,-146522
25693028,1785984695,2026-08-06T02:51:35+00:00,0x0cce0eed8b992812dc18dc803495f65d3bf5343faf0c0270edad848d6c703884,12,0x7baece5d47f1bc5e1953fbe0e9931d54dab6d810,,0xbdb3ba9ffe392549e1f8658dd2630c141fdf47b6,0xbdb3ba9ffe392549e1f8658dd2630c141fdf47b6,BUY_TURBO,TURBO,WETH,-18688496013780502883232,8201891912989592,-18688496013780502883232,8201891912989592,18688.496013780502883232,0.008201891912989592,0.0000004388738348415886357891187834,52284111874713405857899887,5321069513148245131581,-146476
25693371,1785988811,2026-08-06T04:00:11+00:00,0x173242015ffcca610811cf1f05c0082af389d5b17ecb8bcad10bfb86299d36d2,36,0x7baece5d47f1bc5e1953fbe0e9931d54dab6d810,,0xbdb3ba9ffe392549e1f8658dd2630c141fdf47b6,0xbdb3ba9ffe392549e1f8658dd2630c141fdf47b6,BUY_TURBO,TURBO,WETH,-15840463229667055003895,6981793678764528,-15840463229667055003895,6981793678764528,15840.463229667055003895,0.006981793678764528,0.0000004407569133261562963011043794,52387027864821565987712101,5321069513148245131581,-146436
25693569,1785991187,2026-08-06T04:39:47+00:00,0xe4651e5707a138a14672e377f417ca5c49192ce788c9478d8bf2c98309eb67c6,549,0x7baece5d47f1bc5e1953fbe0e9931d54dab6d810,,0x6747bcaf9bd5a5f0758cbe08903490e45ddfacb5,0x1231deb6f5749ef6ce6943a275a1d3e7486f4eae,BUY_TURBO,TURBO,WETH,-92905675618869311692033,41033606588176214,-92905675618869311692033,41033606588176214,92905.675618869311692033,0.041033606588176214,0.0000004416695354168676199943991003,52392370268506944506239602,602445503624129799661223,-146434
25693775,1785993659,2026-08-06T05:20:59+00:00,0x5da9549fc1d4eeb8cec84509b261a931ad73c57c15dc192b0253f1092c6e9ca6,787,0x7baece5d47f1bc5e1953fbe0e9931d54dab6d810,,0x045d21b97747686c4b4f8d70e6feeadcb3f6d345,0x045d21b97747686c4b4f8d70e6feeadcb3f6d345,BUY_TURBO,TURBO,WETH,-3167123079912757177799,1398969293922377,-3167123079912757177799,1398969293922377,3167.123079912757177799,0.001398969293922377,0.0000004417161122645456393963737938,52392552408448641365842375,602445503624129799661223,-146434
25693840,1785994439,2026-08-06T05:33:59+00:00,0xf4ff8dce1717b1e077ea7b86df4e925fff736d586f5a4e27921d6caf35b018fe,218,0x7baece5d47f1bc5e1953fbe0e9931d54dab6d810,,0x6747bcaf9bd5a5f0758cbe08903490e45ddfacb5,0x28b1dc1a5e3699a428bc51d234dfab7c9cb2a183,SELL_TURBO,TURBO,WETH,1691818355808522973571,-732433288291989,1691818355808522973571,-732433288291989,1691.818355808522973571,0.000732433288291989,0.0000004329266707488569840158406875,52392456085472958805644479,602445503624129799661223,-146434
25694881,1786006955,2026-08-06T09:02:35+00:00,0xcf7c33ebaf7cb84eace8ccfe33b27a8606b06e5ee1ee8d092e8c46700a704865,74,0x7baece5d47f1bc5e1953fbe0e9931d54dab6d810,,0x66a9893cc07d91d95644aedd05d03f95e1dba8af,0x66a9893cc07d91d95644aedd05d03f95e1dba8af,SELL_TURBO,TURBO,WETH,51847249051022551653932,-22444751070043073,51847249051022551653932,-22444751070043073,51847.249051022551653932,0.022444751070043073,0.0000004329014842803971076120086305,52389504355607481963526449,602445503624129799661223,-146435
25695239,1786011263,2026-08-06T10:14:23+00:00,0xfd0389655e8bd3eecea9d235b05388fd7f62577b3ae29e1edc737fa933e70624,498,0x7baece5d47f1bc5e1953fbe0e9931d54dab6d810,,0x28b1dc1a5e3699a428bc51d234dfab7c9cb2a183,0x28b1dc1a5e3699a428bc51d234dfab7c9cb2a183,SELL_TURBO,TURBO,WETH,40000000000000000000000,-17314331232992085,40000000000000000000000,-17314331232992085,40000,0.017314331232992085,0.000000432858280824802125,52387227331975467000154926,602445503624129799661223,-146436
25695598,1786015571,2026-08-06T11:26:11+00:00,0x806e2d9dd4d822b5ddddc0fdff40c73b1b22e014053716fab9dfaa289c08bd49,235,0x7baece5d47f1bc5e1953fbe0e9931d54dab6d810,,0x6487986a78b126538746937fbd25516971129b3a,0x6487986a78b126538746937fbd25516971129b3a,SELL_TURBO,TURBO,WETH,1869046536534609985798144,-807357464565254065,1869046536534609985798144,-807357464565254065,1869046.536534609985798144,0.807357464565254065,0.0000004319622057469856150870440734,52281051008930671107317077,602445503624129799661223,-146477
25695846,1786018547,2026-08-06T12:15:47+00:00,0x579e3d39f340a309fb0bc74da035a36472bbe378b0f70afb72a74ad18cf7d409,359,0x7baece5d47f1bc5e1953fbe0e9931d54dab6d810,,0x28b1dc1a5e3699a428bc51d234dfab7c9cb2a183,0x28b1dc1a5e3699a428bc51d234dfab7c9cb2a183,SELL_TURBO,TURBO,WETH,51000000000000000000000,-21984207026396358,51000000000000000000000,-21984207026396358,51000,0.021984207026396358,0.0000004310628828705168235294117647,52278159845636138055591289,602445503624129799661223,-146478
25697535,1786038839,2026-08-06T17:53:59+00:00,0xc0fdf7f708fb35ad599420645d88d6ec194c3a7e4c680bee94d9096815451de4,243,0x7baece5d47f1bc5e1953fbe0e9931d54dab6d810,,0xd7ca08ec1aee9cce8a8eda9365343ef197674e1a,0xd7ca08ec1aee9cce8a8eda9365343ef197674e1a,BUY_TURBO,TURBO,WETH,-144267580343654020948866,64603320511780091,-144267580343654020948866,64603320511780091,144267.580343654020948866,0.064603320511780091,0.0000004478020658410649882981968692,53230453052891324453047848,5321069513148245131581,-146117
25697536,1786038851,2026-08-06T17:54:11+00:00,0x5218c29f0172b0125c9aaaacc91c036e16bdcdda813fb62a1692e2642e2f2b1f,2,0x7baece5d47f1bc5e1953fbe0e9931d54dab6d810,,0xbdb3ba9ffe392549e1f8658dd2630c141fdf47b6,0xbdb3ba9ffe392549e1f8658dd2630c141fdf47b6,SELL_TURBO,TURBO,WETH,152408896141695951831040,-66836019170322384,152408896141695951831040,-66836019170322384,152408.89614169595183104,0.066836019170322384,0.0000004385309575904566788335164200,52235296914534508827006498,5321069513148245131581,-146494
25697539,1786038887,2026-08-06T17:54:47+00:00,0xdee055d30afaeb3896a7e58ea52208a78f673a08f22753ecf3e4ff415259663c,2,0x7baece5d47f1bc5e1953fbe0e9931d54dab6d810,,0xd7ca08ec1aee9cce8a8eda9365343ef197674e1a,0xd7ca08ec1aee9cce8a8eda9365343ef197674e1a,BUY_TURBO,TURBO,WETH,-264090783393711230637726,119876946636467863,-264090783393711230637726,119876946636467863,264090.783393711230637726,0.119876946636467863,0.0000004539232497854844927014397388,54002357819207120385790195,5321069513148245131581,-145829
25697539,1786038887,2026-08-06T17:54:47+00:00,0x12cafe53b63fe9a99701fe50c1b737ba49859f5d56975d6385c9e23ad127fa5f,23,0x7baece5d47f1bc5e1953fbe0e9931d54dab6d810,,0xeff6cb8b614999d130e537751ee99724d01aa167,0xeff6cb8b614999d130e537751ee99724d01aa167,SELL_TURBO,TURBO,WETH,168416586681880653332480,-75841771710997665,168416586681880653332480,-75841771710997665,168416.58668188065333248,0.075841771710997665,0.0000004503224605439483935032534299,52873110362536795682787034,5321069513148245131581,-146252
25697539,1786038887,2026-08-06T17:54:47+00:00,0x5a4b393ba510918bf26ef4825797d8710d1e23ef45b1403910f582c3e84d33b5,237,0x7baece5d47f1bc5e1953fbe0e9931d54dab6d810,,0x63b2d3b0a26c1938bb0ae9779b96073946d4e4af,0x63b2d3b0a26c1938bb0ae9779b96073946d4e4af,SELL_TURBO,TURBO,WETH,40456121540380000000000,-17748184203148956,40456121540380000000000,-17748184203148956,40456.12154038,0.017748184203148956,0.0000004387020684974501689212338899,52608848446975346210295175,5321069513148245131581,-146352
25697539,1786038887,2026-08-06T17:54:47+00:00,0x875883713251aefe31659496213324d325f9d0192490f4dc6199cb193c111d4b,251,0x7baece5d47f1bc5e1953fbe0e9931d54dab6d810,,0x00000000075d9aed2e32de0aec3d7fe316514e79,0x00000000075d9aed2e32de0aec3d7fe316514e79,BUY_TURBO,TURBO,WETH,-19249698484904051912953,8593927111651815,-19249698484904051912953,8593927111651815,19249.698484904051912953,0.008593927111651815,0.0000004464447647526179172333234404,52735528288618778550531804,5321069513148245131581,-146304
25697540,1786038899,2026-08-06T17:54:59+00:00,0x90463af54e5b1d55c53f3aad251957ff4d44879d3b617cb4d8fd371e60aac231,250,0x7baece5d47f1bc5e1953fbe0e9931d54dab6d810,,0xd7ca08ec1aee9cce8a8eda9365343ef197674e1a,0xd7ca08ec1aee9cce8a8eda9365343ef197674e1a,BUY_TURBO,TURBO,WETH,-1023164421478241106875238,487836853220011187,-1023164421478241106875238,487836853220011187,1023164.421478241106875238,0.487836853220011187,0.0000004767922368872026482257278612,54815873077275381784346512,143334425755848081324730,-145530
25697541,1786038911,2026-08-06T17:55:11+00:00,0x88a75661fcd57a890a7d849489b3900af1f77f6e931314a74963c21e65de9732,11,0x7baece5d47f1bc5e1953fbe0e9931d54dab6d810,,0x111116053f09d34a7eae8102887004445176ca11,0x111116053f09d34a7eae8102887004445176ca11,SELL_TURBO,TURBO,WETH,1072579423862188824897666,-500016971685252300,1072579423862188824897666,-500016971685252300,1072579.423862188824897666,0.5000169716852523,0.0000004661817675792905730787030132,52481535632303881508021167,5321069513148245131581,-146400
25697541,1786038911,2026-08-06T17:55:11+00:00,0x346df6a0f407ab93abf0b9e369ea30469449feda85c03484b4cfcf29b3a28cea,147,0x7baece5d47f1bc5e1953fbe0e9931d54dab6d810,,0x68b3465833fb72a70ecdf485e0e4c7bd8665fc45,0xb1b2d032aa2f52347fbcfd08e5c3cc55216e8404,SELL_TURBO,TURBO,WETH,43883947364877811955430,-18960608506840108,43883947364877811955430,-18960608506840108,43883.94736487781195543,0.018960608506840108,0.0000004320625113595658163372019795,52199221302743380000000000,5321069513148245131581,-146508
25697542,1786038923,2026-08-06T17:55:23+00:00,0xc074943ba92e51e05f2c52d06585c48ae6ee137ea133d9e5767d5a1caa839fc5,273,0x7baece5d47f1bc5e1953fbe0e9931d54dab6d810,,0x009a8dbad7000f0000009b002d050058ca881b57,0x000000000004444c5dc75cb358380d2e3de08a90,BUY_TURBO,TURBO,WETH,-33947136058205704603657,14947416552354825,-33947136058205704603657,14947416552354825,33947.136058205704603657,0.014947416552354825,0.0000004403145092041345916356516998,52419555538446104893746817,5321069513148245131581,-146424
25697542,1786038923,2026-08-06T17:55:23+00:00,0x9a43c4d953ea95fc44c0907d530169c908d7fee0604a9cc725c000d3e04b6272,483,0x7baece5d47f1bc5e1953fbe0e9931d54dab6d810,,0x63b2d3b0a26c1938bb0ae9779b96073946d4e4af,0x63b2d3b0a26c1938bb0ae9779b96073946d4e4af,BUY_TURBO,TURBO,WETH,-63943990885753469107831,28500918953975961,-63943990885753469107831,28500918953975961,63943.990885753469107831,0.028500918953975961,0.0000004457169244393515158777457119,52839676846536651610403042,5321069513148245131581,-146264
25697542,1786038923,2026-08-06T17:55:23+00:00,0x3fd1d5f18aeea36c1a0fbbeb088827b952082ae5c5b9f6dc883f50d14ec35be6,1169,0x7baece5d47f1bc5e1953fbe0e9931d54dab6d810,,0x0000000000b12b7895f5eeb5ca60c1edcb5a4e08,0x0000000000b12b7895f5eeb5ca60c1edcb5a4e08,SELL_TURBO,TURBO,WETH,294411372762021600000000,-125792979750593103,294411372762021600000000,-125792979750593103,294411.3727620216,0.125792979750593103,0.0000004272694311040558836803272974,51533089955290375009592417,12398644443415126429848,-146765
25697543,1786038935,2026-08-06T17:55:35+00:00,0x8dfd95b6209593d72c26bcc261635eee94678252e69a2868b873e863c176586e,33,0x7baece5d47f1bc5e1953fbe0e9931d54dab6d810,,0xe592427a0aece92de3edee1f18e0157c05861564,0x655bb677eb340298232b309b90349d7d6331d97c,BUY_TURBO,TURBO,WETH,-174414495317893118317089,75233483785947813,-174414495317893118317089,75233483785947813,174414.495317893118317089,0.075233483785947813,0.0000004313488030270935734061175642,52075668396791743703830365,5321069513148245131581,-146556
25697543,1786038935,2026-08-06T17:55:35+00:00,0xf3e516c21b57c1a8d8bb0a605173cf75788cfe00a3f4d74a686374653f7f2edd,46,0x7baece5d47f1bc5e1953fbe0e9931d54dab6d810,,0x06cff7088619c7178f5e14f0b119458d08d2f5ef,0x06cff7088619c7178f5e14f0b119458d08d2f5ef,SELL_TURBO,TURBO,WETH,26987970780472858523450,-11507154915590342,26987970780472858523450,-11507154915590342,26987.97078047285852345,0.011507154915590342,0.0000004263808868474224783275101160,51935497964984440329470720,12398644443415126429848,-146610
25697544,1786038947,2026-08-06T17:55:47+00:00,0x4b7d3e1d486edefe1080d7f78e6f094e9efd86ebcd039d1a015b91f3187a849d,299,0x7baece5d47f1bc5e1953fbe0e9931d54dab6d810,,0xd7ca08ec1aee9cce8a8eda9365343ef197674e1a,0xd7ca08ec1aee9cce8a8eda9365343ef197674e1a,BUY_TURBO,TURBO,WETH,-153050505809533888833468,67627622425979132,-153050505809533888833468,67627622425979132,153050.505809533888833468,0.067627622425979132,0.0000004418647430681437359886164948,52901205704063340113515292,5321069513148245131581,-146241
25697546,1786038971,2026-08-06T17:56:11+00:00,0x7733bd3db712775d1a72f03f5208b4c924d0fa47cbeef080838187a6d5622928,4,0x7baece5d47f1bc5e1953fbe0e9931d54dab6d810,,0x1f2f10d1c40777ae1da742455c65828ff36df387,0x1f2f10d1c40777ae1da742455c65828ff36df387,SELL_TURBO,TURBO,WETH,140985107260797098928843,-61156108013666305,140985107260797098928843,-61156108013666305,140985.107260797098928843,0.061156108013666305,0.0000004337770790253647231573006388,51990620707480592443010532,5321069513148245131581,-146588
25697546,1786038971,2026-08-06T17:56:11+00:00,0x0c6769009a4e56ef6e4071f04b323f26012fb75ed0f525382052a8fd05a84218,8,0x7baece5d47f1bc5e1953fbe0e9931d54dab6d810,,0xe592427a0aece92de3edee1f18e0157c05861564,0xe592427a0aece92de3edee1f18e0157c05861564,SELL_TURBO,TURBO,WETH,494847596400000000000000,-205486553634004549,494847596400000000000000,-205486553634004549,494847.5964,0.205486553634004549,0.0000004152522011401337969598754628,50659457179635390480230036,12398644443415126429848,-147107
25697546,1786038971,2026-08-06T17:56:11+00:00,0x43a835a143ddbf6129179aad30e5591549e5f3fbaf9fa30e258800e888465856,15,0x7baece5d47f1bc5e1953fbe0e9931d54dab6d810,,0x1f2f10d1c40777ae1da742455c65828ff36df387,0x8107fca5494375fc743a9fc4d4844353a1af3d94,BUY_TURBO,TURBO,WETH,-144236778695715919839727,60012990875170220,-144236778695715919839727,60012990875170220,144236.778695715919839727,0.06001299087517022,0.0000004160727341379034066402838664,51039109312218703623344853,12398644443415126429848,-146958
25697546,1786038971,2026-08-06T17:56:11+00:00,0xc93fcf5d80ad9e61c7991a067c8725b9fcb63ec8ad1afae8e77ffdb7f7532a47,19,0x7baece5d47f1bc5e1953fbe0e9931d54dab6d810,,0xd7ca08ec1aee9cce8a8eda9365343ef197674e1a,0xd7ca08ec1aee9cce8a8eda9365343ef197674e1a,BUY_TURBO,TURBO,WETH,-100882623088832174513504,42511905524346831,-100882623088832174513504,42511905524346831,100882.623088832174513504,0.042511905524346831,0.0000004213996843332769083667744065,51308046676564866567533836,12398644443415126429848,-146853
25697546,1786038971,2026-08-06T17:56:11+00:00,0x19ddf9ae1599979f9155b9ea49a949acebde357e6af0cc25050d5c9e5d064728,47,0x7baece5d47f1bc5e1953fbe0e9931d54dab6d810,,0xb6a3638f6d0ef594e509d6234cb8fae9378fcb06,0xb6a3638f6d0ef594e509d6234cb8fae9378fcb06,BUY_TURBO,TURBO,WETH,-55386882147678506251903,23531072667379312,-55386882147678506251903,23531072667379312,55386.882147678506251903,0.023531072667379312,0.0000004248492017412754251906626231,51456908144554785793375414,12398644443415126429848,-146795
25697547,1786038983,2026-08-06T17:56:23+00:00,0x4c526b72b800f7e31f68aafa2a5458c4f5ab3776308495ab9e241505e89fc487,168,0x7baece5d47f1bc5e1953fbe0e9931d54dab6d810,,0x009a8dbad7000f0000009b002d050058ca881b57,0x000000000004444c5dc75cb358380d2e3de08a90,BUY_TURBO,TURBO,WETH,-28298250089775748743432,12075269867680514,-28298250089775748743432,12075269867680514,28298.250089775748743432,0.012075269867680514,0.0000004267143667672704928357348766,51533298304250703886485532,12398644443415126429848,-146765
25697547,1786038983,2026-08-06T17:56:23+00:00,0xe6987f8e60ffd36d1abf56f026952849fd50854aadeba5729367fb4fd11adc88,252,0x7baece5d47f1bc5e1953fbe0e9931d54dab6d810,,0xd7ca08ec1aee9cce8a8eda9365343ef197674e1a,0xd7ca08ec1aee9cce8a8eda9365343ef197674e1a,BUY_TURBO,TURBO,WETH,-406903581218876308801854,179692036182770526,-406903581218876308801854,179692036182770526,406903.581218876308801854,0.179692036182770526,0.0000004416083919549307461931193974,53615938035832296352585348,5321069513148245131581,-145973
25697548,1786038995,2026-08-06T17:56:35+00:00,0x3743bcb6d92260192760d58eae032f3e8f91b1bb075df10031266efcd4711ddd,2,0x7baece5d47f1bc5e1953fbe0e9931d54dab6d810,,0xbdb3ba9ffe392549e1f8658dd2630c141fdf47b6,0xbdb3ba9ffe392549e1f8658dd2630c141fdf47b6,SELL_TURBO,TURBO,WETH,204540378538070658514944,-90406583677354904,204540378538070658514944,-90406583677354904,204540.378538070658514944,0.090406583677354904,0.0000004419987110785938142110236659,52269827543148462543208356,5321069513148245131581,-146481
25697548,1786038995,2026-08-06T17:56:35+00:00,0x219753ffc11b26ee9614e932d09383ad6d40ba2c5f653e519d191f544d0819e3,82,0x7baece5d47f1bc5e1953fbe0e9931d54dab6d810,,0xd7ca08ec1aee9cce8a8eda9365343ef197674e1a,0xd7ca08ec1aee9cce8a8eda9365343ef197674e1a,BUY_TURBO,TURBO,WETH,-920578286945232408141720,435458520916286137,-920578286945232408141720,435458520916286137,920578.28694523240814172,0.435458520916286137,0.0000004730271472742140557783986276,54769922032102623648199407,143334425755848081324730,-145547
25697548,1786038995,2026-08-06T17:56:35+00:00,0x74831dba31edc8d6869f7fdaeae9d0d997ff5b6550a8bd4264dcaa0a7fc402c0,418,0x7baece5d47f1bc5e1953fbe0e9931d54dab6d810,,0x111111125421ca6dc452d289314280a0f8842a65,0x9008d19f58aabd9ed0d60971565aa8510560ab41,SELL_TURBO,TURBO,WETH,198888068383296884572160,-94006260594744817,198888068383296884572160,-94006260594744817,198888.06838329688457216,0.094006260594744817,0.0000004726591261049207160048645397,54717960033074941715966070,143334425755848081324730,-145566
25697548,1786038995,2026-08-06T17:56:35+00:00,0x96d2bda3762bf98096b70bf9238f2c99fbac0d3b3a468f8cf258acabe50b5275,467,0x7baece5d47f1bc5e1953fbe0e9931d54dab6d810,,0x1103fc560de8b710983e7f3ec09d587f3f848566,0xfe263102682933297cb65dc813e5193249769251,SELL_TURBO,TURBO,WETH,174152908206691879638100,-82168605688663977,174152908206691879638100,-82168605688663977,174152.9082066918796381,0.082168605688663977,0.0000004718187398348977027420369355,54672541302642651535345953,143334425755848081324730,-145582
25697548,1786038995,2026-08-06T17:56:35+00:00,0xdf8ea80a21a5a97d04b699076e31e45a2603ec4a51f65e2ec7b28df94bfc3c09,485,0x7baece5d47f1bc5e1953fbe0e9931d54dab6d810,,0x1103fc560de8b710983e7f3ec09d587f3f848566,0xfe263102682933297cb65dc813e5193249769251,SELL_TURBO,TURBO,WETH,174153109954538020812793,-82032405406731095,174153109954538020812793,-82032405406731095,174153.109954538020812793,0.082032405406731095,0.0000004710361211932725711192368124,54627197856971956925034685,143334425755848081324730,-145599
25697548,1786038995,2026-08-06T17:56:35+00:00,0x86670d6a199db691094d59b5c725219c0f2867df3a15ed08fa91be216db59b36,496,0x7baece5d47f1bc5e1953fbe0e9931d54dab6d810,,0xbdb3ba9ffe392549e1f8658dd2630c141fdf47b6,0xbdb3ba9ffe392549e1f8658dd2630c141fdf47b6,SELL_TURBO,TURBO,WETH,204540378538070658514944,-94418702734153706,204540378538070658514944,-94418702734153706,204540.378538070658514944,0.094418702734153706,0.0000004616140021300476715368468083,53438326592999335962274817,5321069513148245131581,-146039
25697548,1786038995,2026-08-06T17:56:35+00:00,0xf568622202d7ae89e7035d4b0e5f2d4d032b6ab2fefe0377eaca898bcd06956a,500,0x7baece5d47f1bc5e1953fbe0e9931d54dab6d810,,0x017272088ba6d435ec780c1066a397afb001f4ea,0x017272088ba6d435ec780c1066a397afb001f4ea,BUY_TURBO,TURBO,WETH,-35626079555502314198446,16445422459543556,-35626079555502314198446,16445422459543556,35626.079555502314198446,0.016445422459543556,0.0000004616119052314759191535331500,53680742369380513274927567,5321069513148245131581,-145948
25697549,1786039007,2026-08-06T17:56:47+00:00,0xaf40cca78a15c41bc900b478256f879fe415bbb38368249814abfa2db40bd306,3,0x7baece5d47f1bc5e1953fbe0e9931d54dab6d810,,0x1f2f10d1c40777ae1da742455c65828ff36df387,0x1f2f10d1c40777ae1da742455c65828ff36df387,SELL_TURBO,TURBO,WETH,111038595356260550338633,-49767995249000449,111038595356260550338633,-49767995249000449,111038.595356260550338633,0.049767995249000449,0.0000004482044742129786166030522558,52939720887542358195285187,5321069513148245131581,-146226
25697549,1786039007,2026-08-06T17:56:47+00:00,0xf437b44592949f50d2de49ec23300295bf6c1e59d9db112c34b8754a6facafec,9,0x7baece5d47f1bc5e1953fbe0e9931d54dab6d810,,0xe592427a0aece92de3edee1f18e0157c05861564,0xe592427a0aece92de3edee1f18e0157c05861564,SELL_TURBO,TURBO,WETH,551346200000000000000000,-232492808275913485,551346200000000000000000,-232492808275913485,551346.2,0.232492808275913485,0.0000004216820724907752787631437380,50894206398766776955691455,12398644443415126429848,-147015
25697549,1786039007,2026-08-06T17:56:47+00:00,0x1deae5f238c4ce2e91a5ff5ae7c78a205bf10500f43f90114dc74869100b22c5,16,0x7baece5d47f1bc5e1953fbe0e9931d54dab6d810,,0x1f2f10d1c40777ae1da742455c65828ff36df387,0x1f2f10d1c40777ae1da742455c65828ff36df387,BUY_TURBO,TURBO,WETH,-114818190528150922240928,48144230668828672,-114818190528150922240928,48144230668828672,114818.190528150922240928,0.048144230668828672,0.0000004193083904856064954661606300,51198774786018513148348995,12398644443415126429848,-146895
25697549,1786039007,2026-08-06T17:56:47+00:00,0x1deae5f238c4ce2e91a5ff5ae7c78a205bf10500f43f90114dc74869100b22c5,21,0x7baece5d47f1bc5e1953fbe0e9931d54dab6d810,,0x1f2f10d1c40777ae1da742455c65828ff36df387,0x1f2f10d1c40777ae1da742455c65828ff36df387,BUY_TURBO,TURBO,WETH,-127019271223153967508203,53936044684345344,-127019271223153967508203,53936044684345344,127019.271223153967508203,0.053936044684345344,0.0000004246288312392198786166621298,51539983149222965760755066,12398644443415126429848,-146762
25697550,1786039019,2026-08-06T17:56:59+00:00,0xc175fa94b53530b969c1624d27307b3a62efd856b6df0b6da9c26a800bf29dca,19,0x7baece5d47f1bc5e1953fbe0e9931d54dab6d810,,0xeff6cb8b614999d130e537751ee99724d01aa167,0xeff6cb8b614999d130e537751ee99724d01aa167,BUY_TURBO,TURBO,WETH,-60779231824286635566334,26063728262201877,-60779231824286635566334,26063728262201877,60779.231824286635566334,0.026063728262201877,0.0000004288262204029227441434327848,51704866616510894800109568,12398644443415126429848,-146699
25697551,1786039031,2026-08-06T17:57:11+00:00,0xf11d09addaddc6f5a9c52f3c178a77d8537912b0423e3689a0632676a3bc65e5,387,0x7baece5d47f1bc5e1953fbe0e9931d54dab6d810,,0x111116053f09d34a7eae8102887004445176ca11,0x111116053f09d34a7eae8102887004445176ca11,SELL_TURBO,TURBO,WETH,213990287409069920000000,-89231253534150689,213990287409069920000000,-89231253534150689,213990.28740906992,0.089231253534150689,0.0000004169873998233092080168614762,51134672972470245829890276,12398644443415126429848,-146920
25697551,1786039031,2026-08-06T17:57:11+00:00,0x073a3711ca2b5ae1f28b53264c7b9a6e3a58bb63387c38a265c5f0a8d313fe38,595,0x7baece5d47f1bc5e1953fbe0e9931d54dab6d810,,0x7cf7132a8be97d71852124dc96cd9e08621a49bb,0x0bf3597fd15efe8c7da8adb37e5c71ab96da1b90,BUY_TURBO,TURBO,WETH,-140839675451870308697979,59697663419938726,-140839675451870308697979,59697663419938726,140839.675451870308697979,0.059697663419938726,0.0000004238696463081487377405099458,51512330291279159392731136,12398644443415126429848,-146773
25697553,1786039055,2026-08-06T17:57:35+00:00,0x0c0d4ffd1d484d817e508645d1985f22e1f0b51ef5d24f0f00549156785d901e,5,0x7baece5d47f1bc5e1953fbe0e9931d54dab6d810,,0xbdb3ba9ffe392549e1f8658dd2630c141fdf47b6,0xbdb3ba9ffe392549e1f8658dd2630c141fdf47b6,BUY_TURBO,TURBO,WETH,-75050018736121528545156,32172988754826700,-75050018736121528545156,32172988754826700,75050.018736121528545156,0.0321729887548267,0.0000004286872847820071230148982013,51715861953578006021524686,12398644443415126429848,-146694
25697574,1786039307,2026-08-06T18:01:47+00:00,0xd78891c1beb5c1a64fcff383d6d56c34bbaf2592000e3865e5dfc186a4d62e18,694,0x7baece5d47f1bc5e1953fbe0e9931d54dab6d810,,0x0889e9327b98d7d1be3c301a4585ff3330502c9a,0x0889e9327b98d7d1be3c301a4585ff3330502c9a,BUY_TURBO,TURBO,WETH,-182488187252261758379103,79573767000000000,-182488187252261758379103,79573767000000000,182488.187252261758379103,0.079573767,0.0000004360488653986219199784741720,52565524609296112858855510,5321069513148245131581,-146368
25697576,1786039331,2026-08-06T18:02:11+00:00,0x284492bdb010704dcc6b235353bb63e811474b95a9899ed57bec34369f1ee9e6,430,0x7baece5d47f1bc5e1953fbe0e9931d54dab6d810,,0x111116053f09d34a7eae8102887004445176ca11,0x111116053f09d34a7eae8102887004445176ca11,SELL_TURBO,TURBO,WETH,35823146637742180625672,-15542666761478409,35823146637742180625672,-15542666761478409,35823.146637742180625672,0.015542666761478409,0.0000004338721809854393632968382222,52334101786301475786769672,5321069513148245131581,-146457
25697576,1786039331,2026-08-06T18:02:11+00:00,0xea2010396492d5de5868e88a52548d937b0dc5d7c432d3375df72b8cf13d5eed,459,0x7baece5d47f1bc5e1953fbe0e9931d54dab6d810,,0x111116053f09d34a7eae8102887004445176ca11,0x111116053f09d34a7eae8102887004445176ca11,SELL_TURBO,TURBO,WETH,53734024605124730021781,-23058784001110212,53734024605124730021781,-23058784001110212,53734.024605124730021781,0.023058784001110212,0.0000004291281766173726348816390560,51990767597242859597171886,5321069513148245131581,-146588
25697866,1786042835,2026-08-06T19:00:35+00:00,0x12e0c80d721672074a3c162f8f37a011729b87ff52690971fa30c8b966c725aa,356,0x7baece5d47f1bc5e1953fbe0e9931d54dab6d810,,0xa5f91e598668040055dc861a7316e677a5b730b0,0x3d90f66b534dd8482b181e24655a9e8265316be9,SELL_TURBO,TURBO,WETH,3714000000000000000000,-1582608526838792,3714000000000000000000,-1582608526838792,3714,0.001582608526838792,0.0000004261196895096370490037695207,51967203318435560540556627,5321069513148245131581,-146597
25697996,1786044407,2026-08-06T19:26:47+00:00,0x98e4bd41efe73673078749f5f527f1a85fb1fff71ce70e666e27ec0378dbeade,127,0x7baece5d47f1bc5e1953fbe0e9931d54dab6d810,,0xe592427a0aece92de3edee1f18e0157c05861564,0x05e913919fe520259272505169478ba050618874,BUY_TURBO,TURBO,WETH,-199996023826698786879663,89110031782719930,-199996023826698786879663,89110031782719930,199996.023826698786879663,0.08911003178271993,0.0000004455590170129374580219001434,53280740723211904298247720,5321069513148245131581,-146098
25697996,1786044407,2026-08-06T19:26:47+00:00,0xd089e0e004d89c4a648b6428726c687ddbf323b4c4d67fc854a6d65725de5599,137,0x7baece5d47f1bc5e1953fbe0e9931d54dab6d810,,0xeff6cb8b614999d130e537751ee99724d01aa167,0xeff6cb8b614999d130e537751ee99724d01aa167,SELL_TURBO,TURBO,WETH,60779339461641503768576,-27007371599048539,60779339461641503768576,-27007371599048539,60779.339461641503768576,0.027007371599048539,0.0000004443511864108556544838660174,52878613966392568707859831,5321069513148245131581,-146250
25697997,1786044419,2026-08-06T19:26:59+00:00,0xd7c0a24a639e2751b5e2e96679986fd2ba09735eb87cd6ebabd5c3ad684385a2,2,0x7baece5d47f1bc5e1953fbe0e9931d54dab6d810,,0xbdb3ba9ffe392549e1f8658dd2630c141fdf47b6,0xbdb3ba9ffe392549e1f8658dd2630c141fdf47b6,SELL_TURBO,TURBO,WETH,135749481415603719766016,-58872779305446598,135749481415603719766016,-58872779305446598,135749.481415603719766016,0.058872779305446598,0.0000004336869554971240448528610305,52002026634662968805725017,5321069513148245131581,-146584
25697997,1786044419,2026-08-06T19:26:59+00:00,0x16fc474dcde70c150f8163461e9503149f75502839892b642e36d91b93552be8,273,0x7baece5d47f1bc5e1953fbe0e9931d54dab6d810,,0x111111125421ca6dc452d289314280a0f8842a65,0x9008d19f58aabd9ed0d60971565aa8510560ab41,SELL_TURBO,TURBO,WETH,126829532221367730044928,-53686000434329384,126829532221367730044928,-53686000434329384,126829.532221367730044928,0.053686000434329384,0.0000004232925841012018045818002153,51634367839040426363229988,12398644443415126429848,-146726
25700142,1786070207,2026-08-07T02:36:47+00:00,0x9adfc070ef8b8f5965f3e5f2be04eb94f3d98f6e0b8605c31ea55ce56980ce49,230,0x7baece5d47f1bc5e1953fbe0e9931d54dab6d810,,0xbc1d9760bd6ca468ca9fb5ff2cfbeac35d86c973,0x1231deb6f5749ef6ce6943a275a1d3e7486f4eae,BUY_TURBO,TURBO,WETH,-1076756963184018141027792,462560301639588986,-1076756963184018141027792,462560301639588986,1076756.963184018141027792,0.462560301639588986,0.0000004295865431617712872099769428,51701859884208012573789317,537564458646209541581229,-146700
25701416,1786085567,2026-08-07T06:52:47+00:00,0x7279ae68424c949b39d6f7ce1d8c90f2f41776e2652d820e4abb66ffa14f756a,71,0x7baece5d47f1bc5e1953fbe0e9931d54dab6d810,,0xe592427a0aece92de3edee1f18e0157c05861564,0x05e913919fe520259272505169478ba050618874,BUY_TURBO,TURBO,WETH,-269138864503980770545031,115807397304822820,-269138864503980770545031,115807397304822820,269138.864503980770545031,0.11580739730482282,0.0000004302886449277931750968286423,51718757309391135446805795,537564458646209541581229,-146693
25702557,1786099271,2026-08-07T10:41:11+00:00,0x98db537082a1a45aaae4bd71bf5c627dabc648c5360ab598bc9db4813c63251d,43,0x7baece5d47f1bc5e1953fbe0e9931d54dab6d810,,0xbdb3ba9ffe392549e1f8658dd2630c141fdf47b6,0xbdb3ba9ffe392549e1f8658dd2630c141fdf47b6,BUY_TURBO,TURBO,WETH,-31006090219886740024272,13367751150486468,-31006090219886740024272,13367751150486468,31006.090219886740024272,0.013367751150486468,0.0000004311330792010866477471616212,51803323920021851332071645,12398644443415126429848,-146660
25702757,1786101707,2026-08-07T11:21:47+00:00,0xeeb9d145a0fbddbb2b2ab329ea70b976d4e77e8afb2fb7ea7b7027d50ae08c47,72,0x7baece5d47f1bc5e1953fbe0e9931d54dab6d810,,0xe592427a0aece92de3edee1f18e0157c05861564,0x05e913919fe520259272505169478ba050618874,BUY_TURBO,TURBO,WETH,-202617568287828805928742,89110031782719930,-202617568287828805928742,89110031782719930,202617.568287828805928742,0.08911003178271993,0.0000004397942021302638966945963018,52909890558351257023979962,5321069513148245131581,-146238
25702757,1786101707,2026-08-07T11:21:47+00:00,0x9d598f98f71ac51e6be96d135e8192b4a78d87cea2dc38ba2bd266d6a5d2adaf,1289,0x7baece5d47f1bc5e1953fbe0e9931d54dab6d810,,0x17123b7b59968df59a89da9bef12728ede7006cd,0x17123b7b59968df59a89da9bef12728ede7006cd,SELL_TURBO,TURBO,WETH,22909511333186540162705,-10086282346299514,22909511333186540162705,-10086282346299514,22909.511333186540162705,0.010086282346299514,0.0000004402661497056291960498801462,52759710671596766908706456,5321069513148245131581,-146295
25702758,1786101719,2026-08-07T11:21:59+00:00,0x15857b63834bccbe5bc7492756fb7854d629acdc29158bf3d760957b24f4a016,6,0x7baece5d47f1bc5e1953fbe0e9931d54dab6d810,,0xbdb3ba9ffe392549e1f8658dd2630c141fdf47b6,0xbdb3ba9ffe392549e1f8658dd2630c141fdf47b6,SELL_TURBO,TURBO,WETH,85300102227814437093376,-37056524236720560,85300102227814437093376,-37056524236720560,85300.102227814437093376,0.03705652423672056,0.0000004344253203560319328103622544,52207956871503368838410289,5321069513148245131581,-146505
25702802,1786102247,2026-08-07T11:30:47+00:00,0x4ab403c1cecee6eeec747a12ed64d36624fbe90f8dc8c707657e0c3ee1b72b17,332,0x7baece5d47f1bc5e1953fbe0e9931d54dab6d810,,0xbdb3ba9ffe392549e1f8658dd2630c141fdf47b6,0xbdb3ba9ffe392549e1f8658dd2630c141fdf47b6,SELL_TURBO,TURBO,WETH,17927619724501653127168,-7689862030221956,17927619724501653127168,-7689862030221956,17927.619724501653127168,0.007689862030221956,0.0000004289393766932836142032572678,52093458529180036361491339,5321069513148245131581,-146549
25702892,1786103339,2026-08-07T11:48:59+00:00,0xbe6102e367b3b62af4fd9715e179917ca234a077e9119ee6d153e0946d340015,218,0x7baece5d47f1bc5e1953fbe0e9931d54dab6d810,,0xbdb3ba9ffe392549e1f8658dd2630c141fdf47b6,0xbdb3ba9ffe392549e1f8658dd2630c141fdf47b6,SELL_TURBO,TURBO,WETH,17918519063724475547648,-7652328206478902,17918519063724475547648,-7652328206478902,17918.519063724475547648,0.007652328206478902,0.0000004270625367679419163165639089,51979519047416587264313964,5321069513148245131581,-146593
25702988,1786104491,2026-08-07T12:08:11+00:00,0xc1017336620c1a35ad6184515514ab27180dd48736f50107d391347c801263e5,629,0x7baece5d47f1bc5e1953fbe0e9931d54dab6d810,,0xbdb3ba9ffe392549e1f8658dd2630c141fdf47b6,0xbdb3ba9ffe392549e1f8658dd2630c141fdf47b6,SELL_TURBO,TURBO,WETH,34315696214529368129536,-14590372146256969,34315696214529368129536,-14590372146256969,34315.696214529368129536,0.014590372146256969,0.0000004251807119122170662837726676,51874532025446697336902646,12398644443415126429848,-146633
25703001,1786104647,2026-08-07T12:10:47+00:00,0x9b4cc06db3b98bd2efc04f44975167dc65bf80d452b73205a961779cdf3bbc18,240,0x7baece5d47f1bc5e1953fbe0e9931d54dab6d810,,0xbdb3ba9ffe392549e1f8658dd2630c141fdf47b6,0xbdb3ba9ffe392549e1f8658dd2630c141fdf47b6,SELL_TURBO,TURBO,WETH,52284797856540581167104,-22129639626353190,52284797856540581167104,-22129639626353190,52284.797856540581167104,0.02212963962635319,0.0000004232518922053148312000365804,51733122156593656663496500,12398644443415126429848,-146688
25703375,1786109135,2026-08-07T13:25:35+00:00,0x3dc0543535f2198e7513c2918f8f8762fff13bbf3a440c1b29f93e39a6e3c710,476,0x7baece5d47f1bc5e1953fbe0e9931d54dab6d810,,0xa8f8296f4053fd65e89b245d6c7f983a70234c8b,0xa8f8296f4053fd65e89b245d6c7f983a70234c8b,SELL_TURBO,TURBO,WETH,544522359208068141027792,-223496778149426541,544522359208068141027792,-223496778149426541,544522.359208068141027792,0.223496778149426541,0.0000004104455480477816317264665234,50304962881485038068222156,12398644443415126429848,-147248
25703375,1786109135,2026-08-07T13:25:35+00:00,0x9e1080d6467322a4c963ba7f429091c3c9d96776c38eda6e74b37a9a673288db,492,0x7baece5d47f1bc5e1953fbe0e9931d54dab6d810,,0x447a03c131c0a97a8b8d548e3cd81aec4ce05d73,0x43dfc508a7040eaffdc7668aacff562003b04711,BUY_TURBO,TURBO,WETH,-374910394577582338058003,155658915793441760,-374910394577582338058003,155658915793441760,374910.394577582338058003,0.15565891579344176,0.0000004151896507666190518386386225,51289686996627198255958603,12398644443415126429848,-146860
25703490,1786110515,2026-08-07T13:48:35+00:00,0xc661c4a6ee6a0babde62d9001fe1bf5efd426ebe72a2b83951015b6b26b3ebe7,154,0x7baece5d47f1bc5e1953fbe0e9931d54dab6d810,,0xbdb3ba9ffe392549e1f8658dd2630c141fdf47b6,0xbdb3ba9ffe392549e1f8658dd2630c141fdf47b6,BUY_TURBO,TURBO,WETH,-50344093870571207920162,21367679164131824,-50344093870571207920162,21367679164131824,50344.093870571207920162,0.021367679164131824,0.0000004244326895437950343659035648,51424862478547314494905291,12398644443415126429848,-146807
25703577,1786111571,2026-08-07T14:06:11+00:00,0x2893eae1136c32baa234572d74a37905d30758057dafcdbf055bece5aa25d046,454,0x7baece5d47f1bc5e1953fbe0e9931d54dab6d810,,0xbdb3ba9ffe392549e1f8658dd2630c141fdf47b6,0xbdb3ba9ffe392549e1f8658dd2630c141fdf47b6,BUY_TURBO,TURBO,WETH,-57501340444966408283479,24543651490850660,-57501340444966408283479,24543651490850660,57501.340444966408283479,0.02454365149085066,0.0000004268361624428736073331671445,51580129688096410918449584,12398644443415126429848,-146747
25704462,1786122251,2026-08-07T17:04:11+00:00,0xe79dac312c69d62f527c0d33b1dbb056e73c1efded0c027b8e7a019acd801d0d,76,0x7baece5d47f1bc5e1953fbe0e9931d54dab6d810,,0x4c82d1fbfe28c977cbb58d8c7ff8fcf9f70a2cca,0x7b040915d9798ee39230164591761ee69e079a21,BUY_TURBO,TURBO,WETH,-50869744240660012356171,21836933038327665,-50869744240660012356171,21836933038327665,50869.744240660012356171,0.021836933038327665,0.0000004292715319153006318473176543,51718273747843817916022524,12398644443415126429848,-146693
25704519,1786122947,2026-08-07T17:15:47+00:00,0x48dac38a9059e129b3dab027bedf2b10613b4963594d852fd9fdaa37c5a8f2ce,40,0x7baece5d47f1bc5e1953fbe0e9931d54dab6d810,,0xbdb3ba9ffe392549e1f8658dd2630c141fdf47b6,0xbdb3ba9ffe392549e1f8658dd2630c141fdf47b6,SELL_TURBO,TURBO,WETH,33562725362887863304192,-14133906297781268,33562725362887863304192,-14133906297781268,33562.725362887863304192,0.014133906297781268,0.0000004211191476544958822973239261,51627957146683703035631285,12398644443415126429848,-146728
25704761,1786125863,2026-08-07T18:04:23+00:00,0x0b477816c005df18685b7a09ef280ffc1d5b27d4e15d80e6c1cb871ed9161511,221,0x7baece5d47f1bc5e1953fbe0e9931d54dab6d810,,0xae0562f6349e1b574a75248bd53848a3039751aa,0xae0562f6349e1b574a75248bd53848a3039751aa,SELL_TURBO,TURBO,WETH,63894491762749173774370,-26771203798857548,63894491762749173774370,-26771203798857548,63894.49176274917377437,0.026771203798857548,0.0000004189907934202444229447077721,51456887374100229245208581,12398644443415126429848,-146795
25705362,1786133123,2026-08-07T20:05:23+00:00,0x45bbd299e39c514faf7ba3b7365f05a94cda4b8cc8f3ca17a05fe4725e98a007,320,0x7baece5d47f1bc5e1953fbe0e9931d54dab6d810,,0x68b3465833fb72a70ecdf485e0e4c7bd8665fc45,0x0eb8d76a3895938870f70aa77a58214f27ef9aa9,SELL_TURBO,TURBO,WETH,166484875398601200000000,-68929374721562810,166484875398601200000000,-68929374721562810,166484.8753986012,0.06892937472156281,0.0000004140278482146249794056825021,51016424085764946954841692,12398644443415126429848,-146967
25705364,1786133147,2026-08-07T20:05:47+00:00,0x41ac0db5f92d677acaaf6dc9911dad8d9daf2f7b85133a42302b99eb640a110f,26,0x7baece5d47f1bc5e1953fbe0e9931d54dab6d810,,0xbdb3ba9ffe392549e1f8658dd2630c141fdf47b6,0xbdb3ba9ffe392549e1f8658dd2630c141fdf47b6,BUY_TURBO,TURBO,WETH,-37585846034799501247719,15772428575517916,-37585846034799501247719,15772428575517916,37585.846034799501247719,0.015772428575517916,0.0000004196374497175011584138933394,51116203084568201986462581,12398644443415126429848,-146928
25705410,1786133699,2026-08-07T20:14:59+00:00,0x0effe6bf9f084f024aa72e1a10582f85ee010260fe959d2bd6884a613f07109d,85,0x7baece5d47f1bc5e1953fbe0e9931d54dab6d810,,0x6747bcaf9bd5a5f0758cbe08903490e45ddfacb5,0x5ea7c6c5f8a4bfb08e8005d46cac08097278a35b,BUY_TURBO,TURBO,WETH,-15133455615572174966568,6368000000000000,-15133455615572174966568,6368000000000000,15133.455615572174966568,0.006368,0.0000004207895514258747011550102218,51156488108611068119209095,12398644443415126429848,-146912
25706581,1786147799,2026-08-08T00:09:59+00:00,0x9efe3028a0c427ffae5c3d4418ae25fa7fc8f8d4091898d1ebf13a5621f4c3bd,3164,0x7baece5d47f1bc5e1953fbe0e9931d54dab6d810,,0x009a8dbad7000f0000009b002d050058ca881b57,0x000000000004444c5dc75cb358380d2e3de08a90,BUY_TURBO,TURBO,WETH,-771168709414482894355,324768518518519,-771168709414482894355,324768518518519,771.168709414482894355,0.000324768518518519,0.0000004211380915145047267548393427,51158542648117488426970666,12398644443415126429848,-146911
25706952,1786152287,2026-08-08T01:24:47+00:00,0xb1c98a9d02d7f2e9a3333ca53f8aa1b2fa0e206d2fe4e3fd20230c2bfd578ccc,398,0x7baece5d47f1bc5e1953fbe0e9931d54dab6d810,,0xa5f91e598668040055dc861a7316e677a5b730b0,0x3d90f66b534dd8482b181e24655a9e8265316be9,SELL_TURBO,TURBO,WETH,22582839044000000000000,-9310768411290228,22582839044000000000000,-9310768411290228,22582.839044,0.009310768411290228,0.0000004122939721241112876259315024,51099046218794994428662400,12398644443415126429848,-146934
25707021,1786153115,2026-08-08T01:38:35+00:00,0xd2253f4306d220925fedbfecf24f437302a90d5351a1adb9dbd64e861a5c1aea,49,0x7baece5d47f1bc5e1953fbe0e9931d54dab6d810,,0xbdb3ba9ffe392549e1f8658dd2630c141fdf47b6,0xbdb3ba9ffe392549e1f8658dd2630c141fdf47b6,BUY_TURBO,TURBO,WETH,-20540589748789182553512,8639894181410714,-20540589748789182553512,8639894181410714,20540.589748789182553512,0.008639894181410714,0.0000004206254195754050633555073835,51153703622191029256433797,12398644443415126429848,-146913
25707274,1786156175,2026-08-08T02:29:35+00:00,0xb215430d86e6770fd95a43711e07e97ec222c5a36b93b45b8b8828e0174d7c8e,50,0x7baece5d47f1bc5e1953fbe0e9931d54dab6d810,,0xbdb3ba9ffe392549e1f8658dd2630c141fdf47b6,0xbdb3ba9ffe392549e1f8658dd2630c141fdf47b6,BUY_TURBO,TURBO,WETH,-19583058156473720046502,8254360370093941,-19583058156473720046502,8254360370093941,19583.058156473720046502,0.008254360370093941,0.0000004215051757564859446633920212,51205922074761336382500592,12398644443415126429848,-146892
25707593,1786160063,2026-08-08T03:34:23+00:00,0xbe6f663f5fa5dde41543bb7e7d053ba94a092b4d779e8ac27719b9623e06f893,425,0x7baece5d47f1bc5e1953fbe0e9931d54dab6d810,,0xbdb3ba9ffe392549e1f8658dd2630c141fdf47b6,0xbdb3ba9ffe392549e1f8658dd2630c141fdf47b6,BUY_TURBO,TURBO,WETH,-24380808760190134434364,10300218265465036,-24380808760190134434364,10300218265465036,24380.808760190134434364,0.010300218265465036,0.0000004224723784505296883879456177,51271082963654399800192727,12398644443415126429848,-146867
25707712,1786161503,2026-08-08T03:58:23+00:00,0xdf3c042b8fe833d85b6a3e39966e32014e514e36c7adad8bc81b255f9e791343,652,0x7baece5d47f1bc5e1953fbe0e9931d54dab6d810,,0x66a9893cc07d91d95644aedd05d03f95e1dba8af,0x49719d256a5ea16bfa579ea16e95bea9fa41a452,BUY_TURBO,TURBO,WETH,-79665434880756057151825,33839982461725973,-79665434880756057151825,33839982461725973,79665.434880756057151825,0.033839982461725973,0.0000004247762221141196875789327906,51485160304590454931016471,12398644443415126429848,-146784
25708414,1786170047,2026-08-08T06:20:47+00:00,0x33f49789bc0e41218bc49cc26716f512ea132e28cfac3694fee40c2d7d71dc89,145,0x7baece5d47f1bc5e1953fbe0e9931d54dab6d810,,0xbdb3ba9ffe392549e1f8658dd2630c141fdf47b6,0xbdb3ba9ffe392549e1f8658dd2630c141fdf47b6,BUY_TURBO,TURBO,WETH,-25026246294190219515734,10688961554972798,-25026246294190219515734,10688961554972798,25026.246294190219515734,0.010688961554972798,0.0000004271100599475125317102285390,51552780448000528883733363,12398644443415126429848,-146757
25708443,1786170395,2026-08-08T06:26:35+00:00,0x5d219c3b0eea64d40a0f76efa21f63c0953b751165b220b785bc7a340a41a505,16,0x7baece5d47f1bc5e1953fbe0e9931d54dab6d810,,0xbdb3ba9ffe392549e1f8658dd2630c141fdf47b6,0xbdb3ba9ffe392549e1f8658dd2630c141fdf47b6,BUY_TURBO,TURBO,WETH,-31880544689711542554336,13657235175814418,-31880544689711542554336,13657235175814418,31880.544689711542554336,0.013657235175814418,0.0000004283877615247228587876156621,51639178382582306658749925,12398644443415126429848,-146724
25708457,1786170563,2026-08-08T06:29:23+00:00,0xa305489745849d5be659eb476ed44dcc3291e70d0c8d7c08cd39a13bec2ef2ca,6,0x7baece5d47f1bc5e1953fbe0e9931d54dab6d810,,0xbdb3ba9ffe392549e1f8658dd2630c141fdf47b6,0xbdb3ba9ffe392549e1f8658dd2630c141fdf47b6,BUY_TURBO,TURBO,WETH,-43904504463357781876751,18883255634800104,-43904504463357781876751,18883255634800104,43904.504463357781876751,0.018883255634800104,0.0000004300983661154828007603759083,51758636989249315064608270,12398644443415126429848,-146678
25708845,1786175231,2026-08-08T07:47:11+00:00,0xb05537c0cc2717b58e0f81a401b3bf5beceeb6cb0fab8cdf54fded3cf96eec82,505,0x7baece5d47f1bc5e1953fbe0e9931d54dab6d810,,0xbdb3ba9ffe392549e1f8658dd2630c141fdf47b6,0xbdb3ba9ffe392549e1f8658dd2630c141fdf47b6,BUY_TURBO,TURBO,WETH,-29050596040229707115509,12542716964004054,-29050596040229707115509,12542716964004054,29050.596040229707115509,0.012542716964004054,0.0000004317542038254467768651803458,51837984296796075146761216,12398644443415126429848,-146647
25708875,1786175591,2026-08-08T07:53:11+00:00,0x6480896aba06f32897982267a203410e38fef059b6782fa4a8de87250cc40e7f,6,0x7baece5d47f1bc5e1953fbe0e9931d54dab6d810,,0xbdb3ba9ffe392549e1f8658dd2630c141fdf47b6,0xbdb3ba9ffe392549e1f8658dd2630c141fdf47b6,BUY_TURBO,TURBO,WETH,-32668260387231098242298,14150676369309064,-32668260387231098242298,14150676369309064,32668.260387231098242298,0.014150676369309064,0.0000004331628376159288150710718423,51927503822198153234655092,12398644443415126429848,-146613
25709624,1786184651,2026-08-08T10:24:11+00:00,0x995b8b89e262c24331528fd0557894a7fcd75bd3c62cb7e601ecf560ef2c604e,129,0x7baece5d47f1bc5e1953fbe0e9931d54dab6d810,,0xbdb3ba9ffe392549e1f8658dd2630c141fdf47b6,0xbdb3ba9ffe392549e1f8658dd2630c141fdf47b6,BUY_TURBO,TURBO,WETH,-11441221109306083322681,4967474572419186,-11441221109306083322681,4967474572419186,11441.221109306083322681,0.004967474572419186,0.0000004341734614654664431845951239,51958928890128780286289804,12398644443415126429848,-146601
25710259,1786192307,2026-08-08T12:31:47+00:00,0x0aca35b593a65ce6f2a907d87786bac1125c072546e090119e57b70d071ef6df,191,0x7baece5d47f1bc5e1953fbe0e9931d54dab6d810,,0x0889e9327b98d7d1be3c301a4585ff3330502c9a,0x0889e9327b98d7d1be3c301a4585ff3330502c9a,SELL_TURBO,TURBO,WETH,56052753797176534303084,-23865541410998953,56052753797176534303084,-23865541410998953,56052.753797176534303084,0.023865541410998953,0.0000004257692940003439758995411658,51956288610286613309255217,716144918884681905143202,-146602
25710441,1786194491,2026-08-08T13:08:11+00:00,0x290ee95fcbd464804c9efba8b9a9c57c3de609221a85f6386b592c240102d6df,563,0x7baece5d47f1bc5e1953fbe0e9931d54dab6d810,,0xbc1d9760bd6ca468ca9fb5ff2cfbeac35d86c973,0xae4f03636c26fde8c82026fd474c12a3f88eddcb,BUY_TURBO,TURBO,WETH,-59985858574592435478038,26058812196491821,-59985858574592435478038,26058812196491821,59985.858574592435478038,0.026058812196491821,0.0000004344159242813483980963826381,51959144839851271437402872,709067343954415023844935,-146600
25710852,1786199435,2026-08-08T14:30:35+00:00,0x07111fa90ee6d383df0e9ecf8716ba23b2559953044eb09dfe6146f2e9e3bc2a,181,0x7baece5d47f1bc5e1953fbe0e9931d54dab6d810,,0xbdb3ba9ffe392549e1f8658dd2630c141fdf47b6,0xbdb3ba9ffe392549e1f8658dd2630c141fdf47b6,BUY_TURBO,TURBO,WETH,-15789459046130033385785,6872944774913745,-15789459046130033385785,6872944774913745,15789.459046130033385785,0.006872944774913745,0.0000004352869059563057541009201133,52060456329278458485889317,5321069513148245131581,-146561
25710855,1786199471,2026-08-08T14:31:11+00:00,0x8b1df3e8b70d4cc78a7f5da60edf89d1058e98ac72d1189bce19ba85de3b693b,67,0x7baece5d47f1bc5e1953fbe0e9931d54dab6d810,,0xbdb3ba9ffe392549e1f8658dd2630c141fdf47b6,0xbdb3ba9ffe392549e1f8658dd2630c141fdf47b6,BUY_TURBO,TURBO,WETH,-16399930005109450966403,7167108937724202,-16399930005109450966403,7167108937724202,16399.930005109450966403,0.007167108937724202,0.0000004370207028622235672605001049,52166103981798241155890051,5321069513148245131581,-146521
25710882,1786199795,2026-08-08T14:36:35+00:00,0xdfebdca3cefc77357602f774f91e2f6ac549d0393f66db87be30d7bd786631ca,33,0x7baece5d47f1bc5e1953fbe0e9931d54dab6d810,,0xbdb3ba9ffe392549e1f8658dd2630c141fdf47b6,0xbdb3ba9ffe392549e1f8658dd2630c141fdf47b6,BUY_TURBO,TURBO,WETH,-12562804221030102319764,5509912220983942,-12562804221030102319764,5509912220983942,12562.804221030102319764,0.005509912220983942,0.0000004385893566470106215102756752,52247323521893839978071751,5321069513148245131581,-146490
25710948,1786200599,2026-08-08T14:49:59+00:00,0x8c923b291698b0482232d40df2b9c8618f2ac65c2b6265562b21697777976664,206,0x7baece5d47f1bc5e1953fbe0e9931d54dab6d810,,0xbdb3ba9ffe392549e1f8658dd2630c141fdf47b6,0xbdb3ba9ffe392549e1f8658dd2630c141fdf47b6,BUY_TURBO,TURBO,WETH,-17417611293753805585554,7667624089451353,-17417611293753805585554,7667624089451353,17417.611293753805585554,0.007667624089451353,0.0000004402224828728993517976976459,52360349079687565230775096,5321069513148245131581,-146447
25711536,1786207679,2026-08-08T16:47:59+00:00,0x501fe5b23c061e6a69b6011c6bbccdf2b52b782b84f43b4e783b41bbd2e5127b,43,0x7baece5d47f1bc5e1953fbe0e9931d54dab6d810,,0xbdb3ba9ffe392549e1f8658dd2630c141fdf47b6,0xbdb3ba9ffe392549e1f8658dd2630c141fdf47b6,BUY_TURBO,TURBO,WETH,-10097535354378647005707,4460372057836013,-10097535354378647005707,4460372057836013,10097.535354378647005707,0.004460372057836013,0.0000004417287883920939740381673139,52426097743670456737116249,5321069513148245131581,-146421
25713090,1786226387,2026-08-08T21:59:47+00:00,0x178218f9f350c86288e2cbe0dea94ad18b99b6b6bffe07d910de4ce7f63be2c1,165,0x7baece5d47f1bc5e1953fbe0e9931d54dab6d810,,0x68b3465833fb72a70ecdf485e0e4c7bd8665fc45,0xea66a6996cd3dde1f08318f329dee3f3e62a7997,BUY_TURBO,TURBO,WETH,-33836946136965104728402,14966047877840298,-33836946136965104728402,14966047877840298,33836.946136965104728402,0.014966047877840298,0.0000004422990129564520204970837470,52427940683468440729692508,636957946217931841604893,-146421
25713557,1786232015,2026-08-08T23:33:35+00:00,0xfb7ce5b7dfeba2299ba7adb37a3123636c57ce5c696aab9384103d4243351cb5,704,0x7baece5d47f1bc5e1953fbe0e9931d54dab6d810,,0x68b3465833fb72a70ecdf485e0e4c7bd8665fc45,0x0eb8d76a3895938870f70aa77a58214f27ef9aa9,BUY_TURBO,TURBO,WETH,-104241249380212318501069,46112416258203016,-104241249380212318501069,46112416258203016,104241.249380212318501069,0.046112416258203016,0.0000004423624671842847617262340986,52433619030069835538020891,636957946217931841604893,-146419
25713570,1786232171,2026-08-08T23:36:11+00:00,0xacbfec9e58bcfcd50d2da13453c242b6d0b60d77f19b2aa81279ff19185948ee,313,0x7baece5d47f1bc5e1953fbe0e9931d54dab6d810,,0x68b3465833fb72a70ecdf485e0e4c7bd8665fc45,0x0eb8d76a3895938870f70aa77a58214f27ef9aa9,BUY_TURBO,TURBO,WETH,-79564281209648905902429,35202973919469293,-79564281209648905902429,35202973919469293,79564.281209648905902429,0.035202973919469293,0.0000004424469546417540433689664675,52437953972879930615894066,636957946217931841604893,-146417
25714097,1786238495,2026-08-09T01:21:35+00:00,0x845782d366e54b9244af097fe13fe8b07f7170c3f28fbb6fcf6c4287f1d303e4,31,0x7baece5d47f1bc5e1953fbe0e9931d54dab6d810,,0x66a9893cc07d91d95644aedd05d03f95e1dba8af,0x49719d256a5ea16bfa579ea16e95bea9fa41a452,BUY_TURBO,TURBO,WETH,-149983157227007783090617,66375421830444586,-149983157227007783090617,66375421830444586,149983.157227007783090617,0.066375421830444586,0.0000004425525042787419330190655973,52446127533962841857535249,636957946217931841604893,-146414
25714179,1786239479,2026-08-09T01:37:59+00:00,0x1e1d9b6cbefde3585e0b78199ac82e93b56326c190f1d5009c7d2ccee1421295,302,0x7baece5d47f1bc5e1953fbe0e9931d54dab6d810,,0x8f10b468b06c6fd214b65f87778827f7d113f996,0x8f10b468b06c6fd214b65f87778827f7d113f996,BUY_TURBO,TURBO,WETH,-39417062421170135382217,17447527189808372,-39417062421170135382217,17447527189808372,39417.062421170135382217,0.017447527189808372,0.0000004426389517154288358825481057,52448197111631227219506000,661251899541998859036381,-146413
25714386,1786241963,2026-08-09T02:19:23+00:00,0xf1b091d323c7550c8a5c5528b572bbefe0b4e711b1308849aac5fe33a8e2610f,1019,0x7baece5d47f1bc5e1953fbe0e9931d54dab6d810,,0x11111605ef067242653c980b8f6f1ffe50305afe,0x11111605ef067242653c980b8f6f1ffe50305afe,BUY_TURBO,TURBO,WETH,-17120974447067923016578,7594886375769576,-17120974447067923016578,7594886375769576,17120.974447067923016578,0.007594886375769576,0.0000004436012914598005919286653413,52560150470192750498222037,5321069513148245131581,-146370
25714388,1786241987,2026-08-09T02:19:47+00:00,0x66ddb6c0cbfb5cfbb220e1d2213986acedede6e85546190e3dcb288cefe9be65,14,0x7baece5d47f1bc5e1953fbe0e9931d54dab6d810,,0xbdb3ba9ffe392549e1f8658dd2630c141fdf47b6,0xbdb3ba9ffe392549e1f8658dd2630c141fdf47b6,BUY_TURBO,TURBO,WETH,-21799283689208421415885,9717241603560366,-21799283689208421415885,9717241603560366,21799.283689208421415885,0.009717241603560366,0.0000004457596745883359716975268252,52703388667533406883227571,5321069513148245131581,-146316
25714447,1786242695,2026-08-09T02:31:35+00:00,0xd54516a6ca0ad376f72109e478b1a2ab6c383ea3f92106a8bf3a77d58fa02f8a,5,0x7baece5d47f1bc5e1953fbe0e9931d54dab6d810,,0xbdb3ba9ffe392549e1f8658dd2630c141fdf47b6,0xbdb3ba9ffe392549e1f8658dd2630c141fdf47b6,BUY_TURBO,TURBO,WETH,-25368812380412139428378,11375287806729464,-25368812380412139428378,11375287806729464,25368.812380412139428378,0.011375287806729464,0.0000004483965443929331509568768402,52871067499257636041724955,5321069513148245131581,-146252
25714451,1786242743,2026-08-09T02:32:23+00:00,0x81a97f30001955778d73605418c39aef0196b57ce390be399f43febb46cc8c7e,561,0x7baece5d47f1bc5e1953fbe0e9931d54dab6d810,,0xf418d37e9dc40cecac0c5a7c7bcf8048ca0de968,0xf418d37e9dc40cecac0c5a7c7bcf8048ca0de968,SELL_TURBO,TURBO,WETH,5088194437693095899667,-2241824492804852,5088194437693095899667,-2241824492804852,5088.194437693095899667,0.002241824492804852,0.0000004405933224952108045311927214,52837687812184291720930141,5321069513148245131581,-146265
25714454,1786242779,2026-08-09T02:32:59+00:00,0x08b8b6d9a48714177e3d36169cd782412e88b53eb7924525b0b7e202cdf1d17b,120,0x7baece5d47f1bc5e1953fbe0e9931d54dab6d810,,0xbdb3ba9ffe392549e1f8658dd2630c141fdf47b6,0xbdb3ba9ffe392549e1f8658dd2630c141fdf47b6,BUY_TURBO,TURBO,WETH,-17020022483769567159006,7662681771606639,-17020022483769567159006,7662681771606639,17020.022483769567159006,0.007662681771606639,0.0000004502157255616927120800480300,52950640517132771052305473,5321069513148245131581,-146222
25714505,1786243391,2026-08-09T02:43:11+00:00,0xd55fbcbac9773c474cd3fe6705a39f257095a880b22907cd09606551c099da53,478,0x7baece5d47f1bc5e1953fbe0e9931d54dab6d810,,0xe592427a0aece92de3edee1f18e0157c05861564,0x655bb677eb340298232b309b90349d7d6331d97c,BUY_TURBO,TURBO,WETH,-166488090964671023797606,75129066462450851,-166488090964671023797606,75129066462450851,166488.090964671023797606,0.075129066462450851,0.0000004512579009533680738997950875,52959998373242958574935119,629718435395093483356799,-146219
25714505,1786243391,2026-08-09T02:43:11+00:00,0x7089986db48cd02a3cea4677e16df99702a54f393e3e85267a5d2a039cee133a,842,0x7baece5d47f1bc5e1953fbe0e9931d54dab6d810,,0x63b2d3b0a26c1938bb0ae9779b96073946d4e4af,0x63b2d3b0a26c1938bb0ae9779b96073946d4e4af,BUY_TURBO,TURBO,WETH,-80411730472040372408469,36295939658081683,-80411730472040372408469,36295939658081683,80411.730472040372408469,0.036295939658081683,0.0000004513761791347344884251105833,52964519289004292223854612,629718435395093483356799,-146217
25714509,1786243439,2026-08-09T02:43:59+00:00,0x7b930034dacb62fc36540e8af0f6d60d07c6c9479b16cad6ebbd23dbe7f2a5d6,810,0x7baece5d47f1bc5e1953fbe0e9931d54dab6d810,,0x6a000f20005980200259b80c5102003040001068,0x6a000f20005980200259b80c5102003040001068,BUY_TURBO,TURBO,WETH,-155042529328622725963573,70000000000000008,-155042529328622725963573,70000000000000008,155042.529328622725963573,0.070000000000000008,0.0000004514890224193289230333143291,52973238283643211602460019,629718435395093483356799,-146214
25715006,1786249415,2026-08-09T04:23:35+00:00,0x864dfe379fefae4317f82291bb9fe887eb0f04acbeaf4243793134232000a953,560,0x7baece5d47f1bc5e1953fbe0e9931d54dab6d810,,0x0889e9327b98d7d1be3c301a4585ff3330502c9a,0x4acb6c4321253548a7d4bb9c84032cc4ee04bfd7,SELL_TURBO,TURBO,WETH,690775989712471975879,-305721514570736,690775989712471975879,-305721514570736,690.775989712471975879,0.000305721514570736,0.0000004425769267081637699334960405,52973201294675190565444681,654837243005577432552344,-146214
25715290,1786252835,2026-08-09T05:20:35+00:00,0x64ab4834b3a59174762a5938429aa64c036a74cb067718c55c3c7a61e7d9b662,9,0x7baece5d47f1bc5e1953fbe0e9931d54dab6d810,,0xbdb3ba9ffe392549e1f8658dd2630c141fdf47b6,0xbdb3ba9ffe392549e1f8658dd2630c141fdf47b6,SELL_TURBO,TURBO,WETH,15623583989091868344320,-6901220157942731,15623583989091868344320,-6901220157942731,15623.58398909186834432,0.006901220157942731,0.0000004417181206796757014954730590,52870445450033592725907349,5321069513148245131581,-146253
25715786,1786258799,2026-08-09T06:59:59+00:00,0x42d6ef0f5e9039c65128bfbca748e4b2783659f91ba7cf6a509e5a9c362c6a8d,74,0x7baece5d47f1bc5e1953fbe0e9931d54dab6d810,,0xbdb3ba9ffe392549e1f8658dd2630c141fdf47b6,0xbdb3ba9ffe392549e1f8658dd2630c141fdf47b6,SELL_TURBO,TURBO,WETH,16422942908157054156800,-7225506855190726,16422942908157054156800,-7225506855190726,16422.9429081570541568,0.007225506855190726,0.0000004399641949435210077234565811,52762861132640926280593467,5321069513148245131581,-146293
25715829,1786259315,2026-08-09T07:08:35+00:00,0xb4cbae58db55ff0ab472cc7df9efea84e80f08639dea016eb63a70c4372cb1d2,167,0x7baece5d47f1bc5e1953fbe0e9931d54dab6d810,,0xbdb3ba9ffe392549e1f8658dd2630c141fdf47b6,0xbdb3ba9ffe392549e1f8658dd2630c141fdf47b6,SELL_TURBO,TURBO,WETH,15633479078199875862528,-6850904335699764,15633479078199875862528,-6850904335699764,15633.479078199875862528,0.006850904335699764,0.0000004382200725399003463599994393,52660854466361282604762294,5321069513148245131581,-146332
25715897,1786260131,2026-08-09T07:22:11+00:00,0xe5e452b28771cd212e3ea961012f4d6485127cb1338ef998d04df5588874f34e,114,0x7baece5d47f1bc5e1953fbe0e9931d54dab6d810,,0xbdb3ba9ffe392549e1f8658dd2630c141fdf47b6,0xbdb3ba9ffe392549e1f8658dd2630c141fdf47b6,SELL_TURBO,TURBO,WETH,12770278935238438551552,-5576566745273092,12770278935238438551552,-5576566745273092,12770.278935238438551552,0.005576566745273092,0.0000004366832371910888007112366437,52577822073103797720323179,5321069513148245131581,-146364
25716091,1786262459,2026-08-09T08:00:59+00:00,0x36de081da5fd0018ed5a8265fb986406462c4574ec8315324f1aa5844d5ea6cb,232,0x7baece5d47f1bc5e1953fbe0e9931d54dab6d810,,0xbdb3ba9ffe392549e1f8658dd2630c141fdf47b6,0xbdb3ba9ffe392549e1f8658dd2630c141fdf47b6,SELL_TURBO,TURBO,WETH,17313292562843278770176,-7532402104562352,17313292562843278770176,-7532402104562352,17313.292562843278770176,0.007532402104562352,0.0000004350646809219829777474245135,52465668233243516515343916,5321069513148245131581,-146406
25716213,1786263923,2026-08-09T08:25:23+00:00,0xcc63781feba21c30e1794e02e11b84ee2c97569e65b45dda7b26498b84dad9dc,199,0x7baece5d47f1bc5e1953fbe0e9931d54dab6d810,,0xbdb3ba9ffe392549e1f8658dd2630c141fdf47b6,0xbdb3ba9ffe392549e1f8658dd2630c141fdf47b6,SELL_TURBO,TURBO,WETH,15284935998781150724096,-6623277883991659,15284935998781150724096,-6623277883991659,15284.935998781150724096,0.006623277883991659,0.0000004333206160967773446459855791,52367050815208781577246872,5321069513148245131581,-146444
25716989,1786273307,2026-08-09T11:01:47+00:00,0x514845c70851060809311cc1f35271852cbf25a3f2f98298756986dc9cccf1c4,65,0x7baece5d47f1bc5e1953fbe0e9931d54dab6d810,,0xbdb3ba9ffe392549e1f8658dd2630c141fdf47b6,0xbdb3ba9ffe392549e1f8658dd2630c141fdf47b6,SELL_TURBO,TURBO,WETH,13045155696720159440896,-5633073014231992,13045155696720159440896,-5633073014231992,13045.155696720159440896,0.005633073014231992,0.0000004318133984133490333182176584,52283177070818956072771278,5321069513148245131581,-146476
25717000,1786273439,2026-08-09T11:03:59+00:00,0x31e8db59d467aeb470e28f637a1bee86434c4b122d83fc3ea45c10c2cd100844,48,0x7baece5d47f1bc5e1953fbe0e9931d54dab6d810,,0x0889e9327b98d7d1be3c301a4585ff3330502c9a,0x0889e9327b98d7d1be3c301a4585ff3330502c9a,SELL_TURBO,TURBO,WETH,11134871927957552050314,-4793932011651814,11134871927957552050314,-4793932011651814,11134.871927957552050314,0.004793932011651814,0.0000004305331972085965110790866763,52211797731841524738223670,5321069513148245131581,-146503
25717231,1786276211,2026-08-09T11:50:11+00:00,0x8c09865e29e797fa28519948645a9bbfe1f40ce7a2f39b4618b2abcf50d87a34,180,0x7baece5d47f1bc5e1953fbe0e9931d54dab6d810,,0x8f10b468b06c6fd214b65f87778827f7d113f996,0x8f10b468b06c6fd214b65f87778827f7d113f996,BUY_TURBO,TURBO,WETH,-39485028682344020825022,17406215916103583,-39485028682344020825022,17406215916103583,39485.028682344020825022,0.017406215916103583,0.0000004408307780687236030113543358,52468376202570440841819536,5321069513148245131581,-146405
25717250,1786276439,2026-08-09T11:53:59+00:00,0xf720be2394288ce90aa0d67856e834c47f9226f2c7a683b9054e91ae91e47b61,70,0x7baece5d47f1bc5e1953fbe0e9931d54dab6d810,,0x63b2d3b0a26c1938bb0ae9779b96073946d4e4af,0x63b2d3b0a26c1938bb0ae9779b96073946d4e4af,BUY_TURBO,TURBO,WETH,-104157290816815814845588,46145946508310503,-104157290816815814845588,46145946508310503,104157.290816815814845588,0.046145946508310503,0.0000004430409637811010363188723201,52473571126771010226895818,696737396754491972017698,-146403
25717328,1786277375,2026-08-09T12:09:35+00:00,0x482727eebab47cdf0e5cb428fb2173ea15775867b74f5b31ca46093fb55aab12,453,0x7baece5d47f1bc5e1953fbe0e9931d54dab6d810,,0x6747bcaf9bd5a5f0758cbe08903490e45ddfacb5,0xe127a59e0290d038cf1b2a767f8d422451d95980,BUY_TURBO,TURBO,WETH,-10528575244936361869563,4671173465430270,-10528575244936361869563,4671173465430270,10528.575244936361869563,0.00467117346543027,0.0000004436662470239584720276750924,52542427134880203082671344,5321069513148245131581,-146377
25717336,1786277471,2026-08-09T12:11:11+00:00,0x46214991a783ef0cecbc70c4afe81a46e9421dc82f86a6c70aac94e273b4fb62,26,0x7baece5d47f1bc5e1953fbe0e9931d54dab6d810,,0xbdb3ba9ffe392549e1f8658dd2630c141fdf47b6,0xbdb3ba9ffe392549e1f8658dd2630c141fdf47b6,SELL_TURBO,TURBO,WETH,17838323541013482700800,-7749889165169847,17838323541013482700800,-7749889165169847,17838.3235410134827008,0.007749889165169847,0.0000004344516538984995764035750750,52427035017425543034826968,5321069513148245131581,-146421
25717963,1786285007,2026-08-09T14:16:47+00:00,0x17c3fe97e9656df00a3ff270e3253ae989dc1904b76bb994442d797fe83adc23,298,0x7baece5d47f1bc5e1953fbe0e9931d54dab6d810,,0x66a9893cc07d91d95644aedd05d03f95e1dba8af,0x66a9893cc07d91d95644aedd05d03f95e1dba8af,BUY_TURBO,TURBO,WETH,-6782690766293774604857,3000000000000000,-6782690766293774604857,3000000000000000,6782.690766293774604857,0.003,0.0000004423023403791814271734085512,52427397802728625099288569,648614044362587974835983,-146421
25718445,1786290827,2026-08-09T15:53:47+00:00,0x5a8015f1602149717965af708a24cd7c167140bbc18b05a0fda4e2411ef940b3,80,0x7baece5d47f1bc5e1953fbe0e9931d54dab6d810,,0xbdb3ba9ffe392549e1f8658dd2630c141fdf47b6,0xbdb3ba9ffe392549e1f8658dd2630c141fdf47b6,BUY_TURBO,TURBO,WETH,-35371437507378739132600,15714100764319918,-35371437507378739132600,15714100764319918,35371.4375073787391326,0.015714100764319918,0.0000004442596024275757038863441498,52659033441538501767745252,5321069513148245131581,-146333
25718452,1786290911,2026-08-09T15:55:11+00:00,0x2459ecd703a12d03d7c2d38a6deeee16d99a1ceabeb3b1ff2368d8a7e69a44fe,330,0x7baece5d47f1bc5e1953fbe0e9931d54dab6d810,,0xbdb3ba9ffe392549e1f8658dd2630c141fdf47b6,0xbdb3ba9ffe392549e1f8658dd2630c141fdf47b6,BUY_TURBO,TURBO,WETH,-14427612905320033481709,6449547600216363,-14427612905320033481709,6449547600216363,14427.612905320033481709,0.006449547600216363,0.0000004470280456331177855464138946,52754103792735621632454081,5321069513148245131581,-146297
25718465,1786291067,2026-08-09T15:57:47+00:00,0xc0a1537f4701207996fcf69843f9a159fd566d28bf8d2fd3f55244e0960c4903,22,0x7baece5d47f1bc5e1953fbe0e9931d54dab6d810,,0xbdb3ba9ffe392549e1f8658dd2630c141fdf47b6,0xbdb3ba9ffe392549e1f8658dd2630c141fdf47b6,BUY_TURBO,TURBO,WETH,-30351778234955815193673,13644414187577768,-30351778234955815193673,13644414187577768,30351.778234955815193673,0.013644414187577768,0.0000004495424973770941545686462416,52955230961507655641330150,5321069513148245131581,-146221
25718470,1786291127,2026-08-09T15:58:47+00:00,0xf013d966a3c2be298c44276286f2309472bfa945da87e5704256ec548a1711ba,88,0x7baece5d47f1bc5e1953fbe0e9931d54dab6d810,,0xbdb3ba9ffe392549e1f8658dd2630c141fdf47b6,0xbdb3ba9ffe392549e1f8658dd2630c141fdf47b6,BUY_TURBO,TURBO,WETH,-19982754676220430073893,9040036985441538,-19982754676220430073893,9040036985441538,19982.754676220430073893,0.009040036985441538,0.0000004523919315388094900666388598,53088486740721076462548461,5321069513148245131581,-146170
25718475,1786291187,2026-08-09T15:59:47+00:00,0xa6ba4472b5f1d4b475a9b82a0738835e98eaef2af42d90bad6b5a84049b04088,163,0x7baece5d47f1bc5e1953fbe0e9931d54dab6d810,,0xae0562f6349e1b574a75248bd53848a3039751aa,0x28bf6006d87de7f44445905aa4f5cb8c0d8cba02,BUY_TURBO,TURBO,WETH,-82395440391012791676040,37760630616496740,-82395440391012791676040,37760630616496740,82395.44039101279167604,0.03776063061649674,0.0000004582854395498254623938129808,53645101969673667039634409,5321069513148245131581,-145962
25718533,1786291883,2026-08-09T16:11:23+00:00,0xca205c1fe9767f601cfa018be9ea4fd7ade9e90b6c6784981d28fe1f4dce0395,83,0x7baece5d47f1bc5e1953fbe0e9931d54dab6d810,,0xbdb3ba9ffe392549e1f8658dd2630c141fdf47b6,0xbdb3ba9ffe392549e1f8658dd2630c141fdf47b6,SELL_TURBO,TURBO,WETH,17285402420968064811008,-7828363917214347,17285402420968064811008,-7828363917214347,17285.402420968064811008,0.007828363917214347,0.0000004528887281049440189440168018,53528541400953169330692178,5321069513148245131581,-146005
25718549,1786292075,2026-08-09T16:14:35+00:00,0x04d8827d454163004545c6d7c36a164b6d2959f3ba3c7d356c3eb4fc7e9ac624,402,0x7baece5d47f1bc5e1953fbe0e9931d54dab6d810,,0xbdb3ba9ffe392549e1f8658dd2630c141fdf47b6,0xbdb3ba9ffe392549e1f8658dd2630c141fdf47b6,SELL_TURBO,TURBO,WETH,14860277993269444476928,-6702908473480356,14860277993269444476928,-6702908473480356,14860.277993269444476928,0.006702908473480356,0.0000004510621185226988777108683973,53428738321789684273884441,5321069513148245131581,-146043
25718770,1786294727,2026-08-09T16:58:47+00:00,0x011a58a038c08a6efbc0089442339749ca01b2f3a2e5683927e0a35a66ad9ccc,133,0x7baece5d47f1bc5e1953fbe0e9931d54dab6d810,,0xbdb3ba9ffe392549e1f8658dd2630c141fdf47b6,0xbdb3ba9ffe392549e1f8658dd2630c141fdf47b6,BUY_TURBO,TURBO,WETH,-20890801287856057657223,9621924264325028,-20890801287856057657223,9621924264325028,20890.801287856057657223,0.009621924264325028,0.0000004605818671933042434003745089,53570571482145114805951445,5321069513148245131581,-145990
25719122,1786298951,2026-08-09T18:09:11+00:00,0x8d9d417c51a51e7dea9b73923984b03391577984b416e54594e242bb2eef883f,247,0x7baece5d47f1bc5e1953fbe0e9931d54dab6d810,,0xc10ee9031f2a0b84766a86b55a8d90f357910fb4,0xc10ee9031f2a0b84766a86b55a8d90f357910fb4,SELL_TURBO,TURBO,WETH,173245796263405800000000,-76741053559242695,173245796263405800000000,-76741053559242695,173245.7962634058,0.076741053559242695,0.0000004429605520849944111175452658,52427934151833253956167096,5321069513148245131581,-146421
25719122,1786298951,2026-08-09T18:09:11+00:00,0xaeb4df419ed1f5bf20bbbea452b990014b1312e21b48607123be11db8a978269,265,0x7baece5d47f1bc5e1953fbe0e9931d54dab6d810,,0x7cf7132a8be97d71852124dc96cd9e08621a49bb,0x0bf3597fd15efe8c7da8adb37e5c71ab96da1b90,BUY_TURBO,TURBO,WETH,-124905914096112835011767,56119417587669204,-124905914096112835011767,56119417587669204,124905.914096112835011767,0.056119417587669204,0.0000004492935181955141868928496883,53255169342540049194942464,5321069513148245131581,-146108
25719123,1786298963,2026-08-09T18:09:23+00:00,0xd6881ff1bbcccf73d655d66a73e27e8d10fe9a7fbc5d276401bc6d4d42737762,93,0x7baece5d47f1bc5e1953fbe0e9931d54dab6d810,,0x66a9893cc07d91d95644aedd05d03f95e1dba8af,0x49719d256a5ea16bfa579ea16e95bea9fa41a452,BUY_TURBO,TURBO,WETH,-73264140567178729619833,33748830837565100,-73264140567178729619833,33748830837565100,73264.140567178729619833,0.0337488308375651,0.0000004606459664482037999136760919,53752648142465778433915780,5321069513148245131581,-145922
25719282,1786300883,2026-08-09T18:41:23+00:00,0xbe6f625297f3913d1f822f6aff7bcf672ffa0e874d1014bc2ef5012323201aba,153,0x7baece5d47f1bc5e1953fbe0e9931d54dab6d810,,0x4c82d1fbfe28c977cbb58d8c7ff8fcf9f70a2cca,0x4c82d1fbfe28c977cbb58d8c7ff8fcf9f70a2cca,SELL_TURBO,TURBO,WETH,50000000000000000000000,-22641925814227848,50000000000000000000000,-22641925814227848,50000,0.022641925814227848,0.00000045283851628455696,53415520771058032767918852,5321069513148245131581,-146048
25719287,1786300943,2026-08-09T18:42:23+00:00,0x424760f2e9e0ce4ae0a1adbafd34a8f8113518a17f64348f22f132f9b675bb82,28,0x7baece5d47f1bc5e1953fbe0e9931d54dab6d810,,0x4c82d1fbfe28c977cbb58d8c7ff8fcf9f70a2cca,0x4c82d1fbfe28c977cbb58d8c7ff8fcf9f70a2cca,SELL_TURBO,TURBO,WETH,74168846492580458227859,-33068211959304504,74168846492580458227859,-33068211959304504,74168.846492580458227859,0.033068211959304504,0.0000004458504280852272641897604619,52923151020072047974554913,5321069513148245131581,-146233
25719287,1786300943,2026-08-09T18:42:23+00:00,0x9e87eec84ec07aab97e49b517c740897da668b909b5dbd16fac1d2986fdd25c1,35,0x7baece5d47f1bc5e1953fbe0e9931d54dab6d810,,0x8f10b468b06c6fd214b65f87778827f7d113f996,0xbee3211ab312a8d065c4fef0247448e17a8da000,BUY_TURBO,TURBO,WETH,-88260664073938630611152,40225643100636810,-88260664073938630611152,40225643100636810,88260.664073938630611152,0.04022564310063681,0.0000004557595790004318440295545683,53516102069317618414775547,5321069513148245131581,-146010
25719290,1786300979,2026-08-09T18:42:59+00:00,0xb5b7f0928bed73f59a002dde80fe5ba963bbcef066f0f79987d4781d478e5149,25,0x7baece5d47f1bc5e1953fbe0e9931d54dab6d810,,0xbdb3ba9ffe392549e1f8658dd2630c141fdf47b6,0xbdb3ba9ffe392549e1f8658dd2630c141fdf47b6,BUY_TURBO,TURBO,WETH,-15247156760146061437083,7040521754959355,-15247156760146061437083,7040521754959355,15247.156760146061437083,0.007040521754959355,0.0000004617596490751833604201192030,53619883747870156587632414,5321069513148245131581,-145971
25719299,1786301087,2026-08-09T18:44:47+00:00,0x8ff46b55428323048d7bc91a1515ca4c83a16957a64223fe11e905a632024691,322,0x7baece5d47f1bc5e1953fbe0e9931d54dab6d810,,0x4c82d1fbfe28c977cbb58d8c7ff8fcf9f70a2cca,0x4c82d1fbfe28c977cbb58d8c7ff8fcf9f70a2cca,SELL_TURBO,TURBO,WETH,55626634869435343670894,-25048355717819680,55626634869435343670894,-25048355717819680,55626.634869435343670894,0.02504835571781968,0.0000004502942839632884216819446300,53246925794093612715005833,5321069513148245131581,-146111
25719300,1786301099,2026-08-09T18:44:59+00:00,0xd7873a6e6c1678e793d71a985b3b215255c0e1e86831ac8f15dbe1de198e38bc,2,0x7baece5d47f1bc5e1953fbe0e9931d54dab6d810,,0xbdb3ba9ffe392549e1f8658dd2630c141fdf47b6,0xbdb3ba9ffe392549e1f8658dd2630c141fdf47b6,BUY_TURBO,TURBO,WETH,-85151107418147586375857,39271827169781456,-85151107418147586375857,39271827169781456,85151.107418147586375857,0.039271827169781456,0.0000004612016021932764680346820255,53825817002068954490831398,5321069513148245131581,-145894
25719316,1786301291,2026-08-09T18:48:11+00:00,0xc5db862c6a1fa334be032a2d7491ca47db7d2644b4264e00978d7989cfc88f48,669,0x7baece5d47f1bc5e1953fbe0e9931d54dab6d810,,0x4c82d1fbfe28c977cbb58d8c7ff8fcf9f70a2cca,0x4c82d1fbfe28c977cbb58d8c7ff8fcf9f70a2cca,SELL_TURBO,TURBO,WETH,166879904608306031012685,-74678530517210209,166879904608306031012685,-74678530517210209,166879.904608306031012685,0.074678530517210209,0.0000004474986409687417295538125619,52713889646576964426260269,5321069513148245131581,-146312
25719316,1786301291,2026-08-09T18:48:11+00:00,0x5121d9e6a6a43f696a20fe3ff4fe3e214385be5c1100b0419045d532f4be5a5a,680,0x7baece5d47f1bc5e1953fbe0e9931d54dab6d810,,0x8f10b468b06c6fd214b65f87778827f7d113f996,0xbee3211ab312a8d065c4fef0247448e17a8da000,BUY_TURBO,TURBO,WETH,-164194772269192141666529,74959090043035835,-164194772269192141666529,74959090043035835,164194.772269192141666529,0.074959090043035835,0.0000004565254362675004968240100241,53818833350778617119369300,5321069513148245131581,-145897
25719334,1786301507,2026-08-09T18:51:47+00:00,0xaf093f85a59e5b41a77c1625deec4f2a68eff315f04f85314c99312d31df73ff,15,0x7baece5d47f1bc5e1953fbe0e9931d54dab6d810,,0xbdb3ba9ffe392549e1f8658dd2630c141fdf47b6,0xbdb3ba9ffe392549e1f8658dd2630c141fdf47b6,BUY_TURBO,TURBO,WETH,-23922016122863368283891,11184080706582682,-23922016122863368283891,11184080706582682,23922.016122863368283891,0.011184080706582682,0.0000004675224968138677481426945878,53983693670680136791069944,5321069513148245131581,-145836
25719362,1786301843,2026-08-09T18:57:23+00:00,0x9e315bba59e56b375aaa739029a8716bf06195fc52f73d4ddb7a215a7f0eab0e,211,0x7baece5d47f1bc5e1953fbe0e9931d54dab6d810,,0xae0562f6349e1b574a75248bd53848a3039751aa,0x28bf6006d87de7f44445905aa4f5cb8c0d8cba02,BUY_TURBO,TURBO,WETH,-251243408947022563806907,120093571433320344,-251243408947022563806907,120093571433320344,251243.408947022563806907,0.120093571433320344,0.0000004779969032287863696408413217,54660971745169992596020505,143334425755848081324730,-145587
25719363,1786301855,2026-08-09T18:57:35+00:00,0x00720c610ebf924ea0a532e3ffb264157adadfdbbd05b517063b57112465a726,18,0x7baece5d47f1bc5e1953fbe0e9931d54dab6d810,,0xbdb3ba9ffe392549e1f8658dd2630c141fdf47b6,0xbdb3ba9ffe392549e1f8658dd2630c141fdf47b6,SELL_TURBO,TURBO,WETH,212213856280243957923840,-99693269200335796,212213856280243957923840,-99693269200335796,212213.85628024395792384,0.099693269200335796,0.0000004697773790448608782330413576,54239377862588215484080216,6324468976940416094299,-145741
25719415,1786302479,2026-08-09T19:07:59+00:00,0x69fa3330011a3914b3c0f38f4cef027c9b2df482c1614ba8c89e5b204c8a6d36,312,0x7baece5d47f1bc5e1953fbe0e9931d54dab6d810,,0x68b3465833fb72a70ecdf485e0e4c7bd8665fc45,0x0eb8d76a3895938870f70aa77a58214f27ef9aa9,BUY_TURBO,TURBO,WETH,-19131444423644784692644,9075762231019808,-19131444423644784692644,9075762231019808,19131.444423644784692644,0.009075762231019808,0.0000004743898071701770279862538416,54351935202647244057621383,6324468976940416094299,-145700
25719444,1786302839,2026-08-09T19:13:59+00:00,0xd000c3cd260d662cafa63805912460024959d55a3eca0304c7453aadad5badd2,25,0x7baece5d47f1bc5e1953fbe0e9931d54dab6d810,,0xbdb3ba9ffe392549e1f8658dd2630c141fdf47b6,0xbdb3ba9ffe392549e1f8658dd2630c141fdf47b6,SELL_TURBO,TURBO,WETH,33671983199906720382976,-15631736216786512,33671983199906720382976,-15631736216786512,33671.983199906720382976,0.015631736216786512,0.0000004642356859108261769087196450,54156112637641508350730787,6324468976940416094299,-145772
25719642,1786305215,2026-08-09T19:53:35+00:00,0x03c174a58f50e14284e1cb1803472ec710c9f20cd5008ae74e2d3171c7c99dc6,57,0x7baece5d47f1bc5e1953fbe0e9931d54dab6d810,,0xae0562f6349e1b574a75248bd53848a3039751aa,0x28bf6006d87de7f44445905aa4f5cb8c0d8cba02,BUY_TURBO,TURBO,WETH,-1487680567619372592937921,718560344314637041,-1487680567619372592937921,718560344314637041,1487680.567619372592937921,0.718560344314637041,0.0000004830071454549527989579649600,54995404945426752466947299,143334425755848081324730,-145465
25719643,1786305227,2026-08-09T19:53:47+00:00,0xfc816c678221cef2ad132d147947544622fff1ab37dd051651d65548547b5ad9,112,0x7baece5d47f1bc5e1953fbe0e9931d54dab6d810,,0xbdb3ba9ffe392549e1f8658dd2630c141fdf47b6,0xbdb3ba9ffe392549e1f8658dd2630c141fdf47b6,SELL_TURBO,TURBO,WETH,1216852676659011484900989,-577085958788476226,1216852676659011484900989,-577085958788476226,1216852.676659011484900989,0.577085958788476226,0.0000004742447215327022117312399151,54676420445461097850237311,143334425755848081324730,-145581
25719643,1786305227,2026-08-09T19:53:47+00:00,0x5c58c03c92a1d849f0aebc2179293d16130bdd550df9f5e46d7d21bd4f527b68,183,0x7baece5d47f1bc5e1953fbe0e9931d54dab6d810,,0x111111125421ca6dc452d289314280a0f8842a65,0x9008d19f58aabd9ed0d60971565aa8510560ab41,SELL_TURBO,TURBO,WETH,275277741531500296273920,-129390604089450744,275277741531500296273920,-129390604089450744,275277.74153150029627392,0.129390604089450744,0.0000004700365651417713805184590401,54217473305788163714053401,6324468976940416094299,-145749
25720261,1786312691,2026-08-09T21:58:11+00:00,0x0f32fa4a28183dcb1b396711deeabb8051728737af25985a8cee1a66a4a7d841,33,0x7baece5d47f1bc5e1953fbe0e9931d54dab6d810,,0x11111605ef067242653c980b8f6f1ffe50305afe,0x11111605ef067242653c980b8f6f1ffe50305afe,SELL_TURBO,TURBO,WETH,22520644207759396438016,-10415711673768572,22520644207759396438016,-10415711673768572,22520.644207759396438016,0.010415711673768572,0.0000004624961691895066159872503593,54086993150031233800309373,6324468976940416094299,-145798
25720326,1786313483,2026-08-09T22:11:23+00:00,0xb6537f1513732711418ab9111b64b50e607a2a8b376f1ea536dd7644c9acd2bc,25,0x7baece5d47f1bc5e1953fbe0e9931d54dab6d810,,0x111111125421ca6dc452d289314280a0f8842a65,0x111111125421ca6dc452d289314280a0f8842a65,SELL_TURBO,TURBO,WETH,40906589750316757047654,-18777043353249197,40906589750316757047654,-18777043353249197,40906.589750316757047654,0.018777043353249197,0.0000004590224574539068830974847183,53808861807189937763979263,5321069513148245131581,-145901
25720426,1786314683,2026-08-09T22:31:23+00:00,0xb68f88d1dae22a8daa0964b47e790eef3513ee9c6739e3a5d978079f74acdb14,238,0x7baece5d47f1bc5e1953fbe0e9931d54dab6d810,,0xbc1d9760bd6ca468ca9fb5ff2cfbeac35d86c973,0xaa6928ff9b59aa3579ae96ae1467b3de2f64e89a,BUY_TURBO,TURBO,WETH,-3867323078693735727147,1802760900000000,-3867323078693735727147,1802760900000000,3867.323078693735727147,0.0018027609,0.0000004661521324484009430966873873,53835435626395750944332745,5321069513148245131581,-145891
