bootstrap_block_length,bootstrap_ci_high,bootstrap_ci_low,bootstrap_valid_repetitions,bucket_count,bucket_factor,bucket_seconds,ci_excludes_zero,correlation,fdr_significant_family,fdr_significant_global,lag,lag_seconds,low_power,method,n,p_value_block_permutation,permutation_block_length,q_value_bh_global,q_value_bh_lead_lag_family,q_value_bh_selected_family,q_value_bh_zero_lag_family,x,y
3,0.40384754868083617,-0.1753623795418751,1000,31,1,86400,False,0.1598947498442873,False,False,3,259200,False,pearson,27,0.301,3,0.8893181818181817,0.9121212121212121,0.9121212121212121,,net_lp_flow_ratio,withdrawal_ratio
3,0.2762760717104286,-0.5103630600057575,1000,31,1,86400,False,-0.13382453907147246,False,False,-3,-259200,False,spearman,27,0.404,3,0.9130952380952382,0.959349593495935,0.959349593495935,,net_lp_flow_ratio,withdrawal_ratio
3,0.5236693587157851,-0.26260276593330717,1000,31,1,86400,False,0.2184996932905192,False,False,1,86400,False,pearson,29,0.263,3,0.8655696202531646,0.906896551724138,0.906896551724138,,price_return,net_lp_flow_ratio
3,0.03545837916738372,-0.441269593412192,1000,31,1,86400,False,-0.21707758371332178,False,False,3,259200,False,spearman,27,0.251,3,0.8655696202531646,0.9017543859649123,0.9017543859649123,,price_return,net_lp_flow_ratio
3,0.03611268825226485,-0.4784687031982591,1000,31,1,86400,False,-0.2422454930056299,False,False,0,0,False,pearson,30,0.198,3,0.8655696202531646,,0.726,0.726,price_return,tvl_change
3,0.07334124129105343,-0.5320162363360024,1000,31,1,86400,False,-0.23203559510567298,False,False,0,0,False,spearman,30,0.205,3,0.8655696202531646,,0.726,0.726,price_return,tvl_change
3,0.6389449947117412,0.17178207474456172,1000,31,1,86400,True,0.4127156752756272,False,False,-2,-172800,False,pearson,28,0.032,3,0.4069565217391304,0.39999999999999997,0.39999999999999997,,price_return,volume_turnover
3,0.7147146120799504,0.09848062648498576,1000,31,1,86400,True,0.4701696770662288,False,False,-2,-172800,False,spearman,28,0.012,3,0.2785714285714286,0.3,0.3,,price_return,volume_turnover
3,0.7283677767307928,-0.022386664196079313,1000,31,1,86400,False,0.4169100530756275,False,False,1,86400,False,pearson,29,0.036,3,0.4069565217391304,0.39999999999999997,0.39999999999999997,,price_return,withdrawal_ratio
3,0.6943560942479027,0.055672481567074654,1000,31,1,86400,True,0.4285516551216318,False,False,2,172800,False,spearman,28,0.015,3,0.2785714285714286,0.3333333333333333,0.3333333333333333,,price_return,withdrawal_ratio
3,0.9939395772144479,0.9333692019277843,1000,31,1,86400,True,0.9653101108630134,True,False,0,0,False,pearson,30,0.001,3,0.052000000000000005,,0.03,0.03,tvl_change,net_lp_flow_ratio
3,0.9815808702937647,0.8582473096625861,1000,31,1,86400,True,0.9658155594621026,True,False,0,0,False,spearman,30,0.001,3,0.052000000000000005,,0.03,0.03,tvl_change,net_lp_flow_ratio
3,0.5463392774658891,-0.334359337137482,1000,31,1,86400,False,0.19139070129504018,False,False,-2,-172800,False,pearson,28,0.39,3,0.9130952380952382,0.959349593495935,0.959349593495935,,tvl_change,volume_turnover
3,0.5244283080172509,-0.25797532438120824,1000,31,1,86400,False,0.1617826617826618,False,False,3,259200,False,spearman,27,0.394,3,0.9130952380952382,0.959349593495935,0.959349593495935,,tvl_change,volume_turnover
3,0.47347886289879865,-0.12336052372570794,1000,31,1,86400,False,0.24449011692013004,False,False,3,259200,False,pearson,27,0.141,3,0.7969565217391303,0.8717948717948718,0.8717948717948718,,tvl_change,withdrawal_ratio
3,0.39766674009196085,-0.1477084718316351,1000,31,1,86400,False,0.1542557041859708,False,False,3,259200,False,spearman,27,0.244,3,0.8655696202531646,0.9017543859649123,0.9017543859649123,,tvl_change,withdrawal_ratio
3,0.6461520543585672,-0.2733108145456109,1000,31,1,86400,False,0.29057484925978444,False,False,2,172800,False,pearson,28,0.165,3,0.8339622641509434,0.8717948717948718,0.8717948717948718,,volume_turnover,net_lp_flow_ratio
3,0.3226797941021789,-0.6073821298334685,1000,31,1,86400,False,-0.1676828814532054,False,False,-2,-172800,False,spearman,28,0.458,3,0.9130952380952382,0.959349593495935,0.959349593495935,,volume_turnover,net_lp_flow_ratio
3,0.6812235622473545,0.07324344335070909,1000,31,1,86400,True,0.40937080447183904,False,False,3,259200,False,pearson,27,0.004,3,0.13,0.13333333333333333,0.13333333333333333,,volume_turnover,withdrawal_ratio
3,0.6279734022642669,-0.007576885904210205,1000,31,1,86400,False,0.34707533441843424,False,False,3,259200,False,spearman,27,0.034,3,0.4069565217391304,0.39999999999999997,0.39999999999999997,,volume_turnover,withdrawal_ratio
2,0.9070370390856949,-0.34333303106625834,1000,15,2,172800,False,0.4632576716313114,False,False,0,0,True,pearson,14,0.11,2,0.7333333333333334,,0.5499999999999999,0.5499999999999999,net_lp_flow_ratio,withdrawal_ratio
2,0.8975812380926826,-0.5027027027027027,1000,15,2,172800,False,0.5146067415730337,False,False,0,0,True,spearman,14,0.062,2,0.511875,,0.378,0.378,net_lp_flow_ratio,withdrawal_ratio
2,0.11828672245396898,-0.7625468970029057,1000,15,2,172800,False,-0.3765889707298639,False,False,1,172800,True,pearson,13,0.169,2,0.8339622641509434,0.8717948717948718,0.8717948717948718,,price_return,net_lp_flow_ratio
2,0.11929854491799109,-0.8775533684823317,1000,15,2,172800,False,-0.4930840375958931,False,False,1,172800,True,spearman,13,0.097,2,0.6816216216216217,0.7185185185185186,0.7185185185185186,,price_return,net_lp_flow_ratio
2,0.11283776956574257,-0.7384036248080716,1000,15,2,172800,False,-0.35299804173006,False,False,1,172800,True,pearson,13,0.195,2,0.8655696202531646,0.8979591836734694,0.8979591836734694,,price_return,tvl_change
2,0.0,-0.8778823529411766,1000,15,2,172800,False,-0.5164835164835165,False,False,0,0,True,spearman,14,0.047,2,0.4073333333333334,,0.3525,0.3525,price_return,tvl_change
2,0.7994734985751396,-0.10030561159271477,1000,15,2,172800,False,0.488717783249556,False,False,-1,-172800,True,pearson,13,0.071,2,0.558235294117647,0.6083333333333333,0.6083333333333333,,price_return,volume_turnover
2,0.799427333168384,-0.2203666424787185,1000,15,2,172800,False,0.3791208791208791,False,False,-1,-172800,True,spearman,13,0.17,2,0.8339622641509434,0.8717948717948718,0.8717948717948718,,price_return,volume_turnover
2,0.8731589039644513,0.09913852783317108,1000,15,2,172800,True,0.5031276098860362,False,False,0,0,True,pearson,14,0.038,2,0.4073333333333334,,0.34285714285714286,0.34285714285714286,price_return,withdrawal_ratio
2,0.7729267530122462,-0.12958612980669335,1000,15,2,172800,False,0.3177973955064613,False,False,0,0,True,spearman,14,0.238,2,0.8655696202531646,,0.726,0.726,price_return,withdrawal_ratio
2,0.9806137992056975,-0.29362643387967136,1000,15,2,172800,False,0.8113973316263506,False,False,0,0,True,pearson,14,0.014,2,0.2785714285714286,,0.18,0.18,tvl_change,net_lp_flow_ratio
2,0.9551596977193598,-0.31455318243682157,1000,15,2,172800,False,0.46891783532771564,False,False,0,0,True,spearman,14,0.109,2,0.7333333333333334,,0.5499999999999999,0.5499999999999999,tvl_change,net_lp_flow_ratio
2,0.16822960159775435,-0.9032553567456775,1000,15,2,172800,False,-0.6559621544061947,False,False,1,172800,True,pearson,13,0.025,2,0.3968421052631579,0.39999999999999997,0.39999999999999997,,tvl_change,volume_turnover
2,0.11788711767025283,-0.7047144654841802,1000,15,2,172800,False,-0.41098901098901097,False,False,0,0,True,spearman,14,0.137,2,0.7915555555555557,,0.5871428571428572,0.5871428571428572,tvl_change,volume_turnover
2,0.6475286791121605,-0.08470399661372462,1000,15,2,172800,False,0.3561662541138245,False,False,1,172800,True,pearson,13,0.286,2,0.8748235294117647,0.9079365079365078,0.9079365079365078,,tvl_change,withdrawal_ratio
2,0.7977379995149572,-0.3872907530170923,1000,15,2,172800,False,0.1866476300504228,False,False,1,172800,True,spearman,13,0.566,2,0.9130952380952382,0.959349593495935,0.959349593495935,,tvl_change,withdrawal_ratio
2,-0.2882864934842588,-0.9544498705971043,1000,15,2,172800,True,-0.7403132159719988,False,False,-1,-172800,True,pearson,13,0.002,2,0.07428571428571429,0.08,0.08,,volume_turnover,net_lp_flow_ratio
2,-0.232796003455172,-0.9677738696835746,1000,15,2,172800,True,-0.7127180599416806,False,False,-1,-172800,True,spearman,13,0.006,2,0.17333333333333334,0.17142857142857143,0.17142857142857143,,volume_turnover,net_lp_flow_ratio
2,0.725457478947302,-0.09213217186732592,1000,15,2,172800,False,0.3692646460039349,False,False,1,172800,True,pearson,13,0.297,2,0.8893181818181817,0.9121212121212121,0.9121212121212121,,volume_turnover,withdrawal_ratio
2,0.7773486670494638,-0.1253836999506591,1000,15,2,172800,False,0.4178678284710959,False,False,1,172800,True,spearman,13,0.257,2,0.8655696202531646,0.9017543859649123,0.9017543859649123,,volume_turnover,withdrawal_ratio
2,0.8435156527071079,-0.3322529914138175,1000,10,3,259200,False,0.43943852366892905,False,False,0,0,True,pearson,9,0.232,2,0.8655696202531646,,0.726,0.726,net_lp_flow_ratio,withdrawal_ratio
2,0.9449789238780064,-0.35197123729233815,1000,10,3,259200,False,0.44537815126050423,False,False,0,0,True,spearman,9,0.223,2,0.8655696202531646,,0.726,0.726,net_lp_flow_ratio,withdrawal_ratio
2,-0.5964641199009617,-0.993930760683888,1000,10,3,259200,True,-0.8584689790846481,False,False,1,259200,True,pearson,8,0.036,2,0.4069565217391304,0.39999999999999997,0.39999999999999997,,price_return,net_lp_flow_ratio
2,-0.25314477770835536,-1.0,1000,10,3,259200,True,-0.790433332862751,False,False,1,259200,True,spearman,8,0.042,2,0.4073333333333334,0.4272727272727273,0.4272727272727273,,price_return,net_lp_flow_ratio
2,-0.4168528833288015,-0.9692969821004724,1000,10,3,259200,True,-0.7925171715043431,False,False,1,259200,True,pearson,8,0.095,2,0.6816216216216217,0.7185185185185186,0.7185185185185186,,price_return,tvl_change
2,0.0379746835443038,-1.0,1000,10,3,259200,False,-0.7619047619047619,False,False,1,259200,True,spearman,8,0.116,2,0.754,0.8285714285714286,0.8285714285714286,,price_return,tvl_change
2,0.9036436687151823,0.3037277055318071,1000,10,3,259200,True,0.5581045506378985,False,False,1,259200,True,pearson,8,0.183,2,0.865090909090909,0.8926829268292683,0.8926829268292683,,price_return,volume_turnover
2,0.9736842105263158,-0.037974683544303806,1000,10,3,259200,False,0.6190476190476191,False,False,1,259200,True,spearman,8,0.197,2,0.8655696202531646,0.8979591836734694,0.8979591836734694,,price_return,volume_turnover
2,0.8834105696915158,0.1370986680677103,1000,10,3,259200,True,0.581931262877251,False,False,0,0,True,pearson,9,0.063,2,0.511875,,0.378,0.378,price_return,withdrawal_ratio
2,1.0,-0.13568692523358988,1000,10,3,259200,False,0.5188329934285483,False,False,0,0,True,spearman,9,0.125,2,0.7915555555555557,,0.5769230769230769,0.5769230769230769,price_return,withdrawal_ratio
2,0.9966653888976927,0.7730932485020728,1000,10,3,259200,True,0.9309565940276532,False,False,0,0,True,pearson,9,0.009,2,0.23399999999999999,,0.17999999999999997,0.17999999999999997,tvl_change,net_lp_flow_ratio
2,1.0,0.6120631248033996,1000,10,3,259200,True,0.8954053273686237,False,False,0,0,True,spearman,9,0.015,2,0.2785714285714286,,0.18,0.18,tvl_change,net_lp_flow_ratio
2,0.9418302968434917,0.15742070644199332,1000,10,3,259200,True,0.696051252133789,False,False,-1,-259200,True,pearson,8,0.044,2,0.4073333333333334,0.4272727272727273,0.4272727272727273,,tvl_change,volume_turnover
2,0.9746835443037974,0.07317073170731707,1000,10,3,259200,True,0.6666666666666666,False,False,-1,-259200,True,spearman,8,0.073,2,0.558235294117647,0.6083333333333333,0.6083333333333333,,tvl_change,volume_turnover
2,0.8207325303274019,-0.4806093218970968,1000,10,3,259200,False,0.3335260186855899,False,False,0,0,True,pearson,9,0.286,2,0.8748235294117647,,0.7716279069767442,0.7716279069767442,tvl_change,withdrawal_ratio
2,0.8589034243939973,-0.613638892647997,1000,10,3,259200,False,0.2928895930645031,False,False,0,0,True,spearman,9,0.377,2,0.9130952380952382,,0.7716279069767442,0.7716279069767442,tvl_change,withdrawal_ratio
2,0.9598562585770637,0.1980653102872591,1000,10,3,259200,True,0.7362355292012711,False,False,1,259200,True,pearson,8,0.029,2,0.3968421052631579,0.39999999999999997,0.39999999999999997,,volume_turnover,net_lp_flow_ratio
2,0.9746835443037974,0.30939917275465656,1000,10,3,259200,True,0.7185757571479554,False,False,1,259200,True,spearman,8,0.084,2,0.624,0.672,0.672,,volume_turnover,net_lp_flow_ratio
2,0.892942709519221,-0.15663186145192862,1000,10,3,259200,False,0.4429081667192515,False,False,1,259200,True,pearson,8,0.356,2,0.9130952380952382,0.9546666666666666,0.9546666666666666,,volume_turnover,withdrawal_ratio
2,0.8227848101265823,-0.2721655269759087,999,10,3,259200,False,0.6227656561948947,False,False,1,259200,True,spearman,8,0.131,2,0.7915555555555557,0.864516129032258,0.864516129032258,,volume_turnover,withdrawal_ratio
