date_utc,block_number,block_timestamp,timestamp_utc,transaction_hash,log_index,event_type,pool_address,pool_position_owner,sender,tx_from,tick_lower,tick_upper,liquidity_raw,target_symbol,target_amount,quote_symbol,quote_amount
2026-08-05,25685243,1785890939,2026-08-05T00:48:59+00:00,0xb571d2f1c195096b1724939c321714c316f1f2fb18f957e440ed15cba4703544,512,REMOVE,0x7baece5d47f1bc5e1953fbe0e9931d54dab6d810,0xc36442b4a4522e871399cd717abdd847ab11fe88,,,-146400,-146000,509777742871470059931728,TURBO,5568231.45336900121108521,WETH,4.29692668364229679
2026-08-05,25685310,1785891743,2026-08-05T01:02:23+00:00,0x090c965702fdbc0de54d068152d79ed23a9fb36ee868df596e6f9aace81e3e2e,560,ADD,0x7baece5d47f1bc5e1953fbe0e9931d54dab6d810,0xc36442b4a4522e871399cd717abdd847ab11fe88,0xc36442b4a4522e871399cd717abdd847ab11fe88,,-146400,-146000,566194459085609858875400,TURBO,6184463.405650547571810929,WETH,4.772464301150900224
2026-08-05,25685333,1785892019,2026-08-05T01:06:59+00:00,0x09e2ac1b640c5da2715a8ac1500590adf93ec04c98bfed59cfa972ee2c9096fb,203,REMOVE,0x7baece5d47f1bc5e1953fbe0e9931d54dab6d810,0xc36442b4a4522e871399cd717abdd847ab11fe88,,,-146400,-146000,566194459085609858875400,TURBO,6184463.405650547571810928,WETH,4.772464301150900223
2026-08-05,25685345,1785892163,2026-08-05T01:09:23+00:00,0x68a0a6dfe1fb6868ff495acef9267d9548cc01f1ece708c279d487dfc92e2d03,606,ADD,0x7baece5d47f1bc5e1953fbe0e9931d54dab6d810,0xc36442b4a4522e871399cd717abdd847ab11fe88,0xc36442b4a4522e871399cd717abdd847ab11fe88,,-146400,-146000,565523405703592674144067,TURBO,6177133.5827995333920688,WETH,4.766807978913102848
2026-08-05,25685349,1785892211,2026-08-05T01:10:11+00:00,0x9a9e1488c28477405150d9e72758fd47121827837d87b8b73fa7b5b2797fd568,468,REMOVE,0x7baece5d47f1bc5e1953fbe0e9931d54dab6d810,0xc36442b4a4522e871399cd717abdd847ab11fe88,,,-146400,-146000,565523405703592674144067,TURBO,6177133.582799533392068799,WETH,4.766807978913102847
2026-08-05,25685353,1785892259,2026-08-05T01:10:59+00:00,0x64dcdbb48c1c413004f49760e6b035f5a9c6df72438a7394b194c6191eb6a9a0,106,ADD,0x7baece5d47f1bc5e1953fbe0e9931d54dab6d810,0xc36442b4a4522e871399cd717abdd847ab11fe88,0xc36442b4a4522e871399cd717abdd847ab11fe88,,-146400,-146000,640004917740837605070736,TURBO,8393548.704736636492361129,WETH,4.76422742439063552
2026-08-05,25685514,1785894191,2026-08-05T01:43:11+00:00,0xf0c2bc84708dc36047bf180f8cba1ff276b97c468b4635f9776dfdafc8a5a235,671,REMOVE,0x7baece5d47f1bc5e1953fbe0e9931d54dab6d810,0xc36442b4a4522e871399cd717abdd847ab11fe88,,,-146400,-146000,640004917740837605070736,TURBO,8393548.704736636492361128,WETH,4.764227424390635519
2026-08-05,25685733,1785896819,2026-08-05T02:26:59+00:00,0xfe69a1bb4a65e42cd7a8402edbc6ddb4d2f351519ce4a31c98f06b3466b84e70,171,ADD,0x7baece5d47f1bc5e1953fbe0e9931d54dab6d810,0xc36442b4a4522e871399cd717abdd847ab11fe88,0xc36442b4a4522e871399cd717abdd847ab11fe88,,-146400,-146000,565056351519735273036445,TURBO,10728424.862351790024285521,WETH,2.7234455347676416
2026-08-05,25685889,1785898691,2026-08-05T02:58:11+00:00,0x979c17f33843f114a80a477d462bc973c71a6e055fc9a05e9dd1f2fba10d5083,392,REMOVE,0x7baece5d47f1bc5e1953fbe0e9931d54dab6d810,0xc36442b4a4522e871399cd717abdd847ab11fe88,,,-146400,-146000,565056351519735273036445,TURBO,10728424.86235179002428552,WETH,2.723445534767641599
2026-08-05,25685924,1785899111,2026-08-05T03:05:11+00:00,0x43923d1d808106f4d10cffe3400217a524d3b8158e4834d25449b410a9796cda,406,ADD,0x7baece5d47f1bc5e1953fbe0e9931d54dab6d810,0xc36442b4a4522e871399cd717abdd847ab11fe88,0xc36442b4a4522e871399cd717abdd847ab11fe88,,-146400,-146000,514855156217299051918995,TURBO,10767413.686610445817330168,WETH,2.040368412524768
2026-08-05,25685995,1785899975,2026-08-05T03:19:35+00:00,0x3375dbdf69922a3d1d3529098cc55497bbc0a041a44c1c800ac4fec118455064,459,REMOVE,0x7baece5d47f1bc5e1953fbe0e9931d54dab6d810,0xc36442b4a4522e871399cd717abdd847ab11fe88,,,-146400,-146000,514855156217299051918995,TURBO,10767413.686610445817330167,WETH,2.040368412524767999
2026-08-05,25685999,1785900023,2026-08-05T03:20:23+00:00,0xbd74fc9ab885c864513b6c696adc13971402839ea85889c8ea77c1f56d68b77c,769,ADD,0x7baece5d47f1bc5e1953fbe0e9931d54dab6d810,0xc36442b4a4522e871399cd717abdd847ab11fe88,0xc36442b4a4522e871399cd717abdd847ab11fe88,,-146400,-146000,516733047364596339166114,TURBO,10806686.928020578195002936,WETH,2.047810485761940992
2026-08-05,25686295,1785903599,2026-08-05T04:19:59+00:00,0x5c3874253744f406e9170ad529098cb9953cb8ececa86a2d895cb4d0763d0aa5,712,REMOVE,0x7baece5d47f1bc5e1953fbe0e9931d54dab6d810,0xc36442b4a4522e871399cd717abdd847ab11fe88,,,-146400,-146000,516733047364596339166114,TURBO,10806686.928020578195002935,WETH,2.047810485761940991
2026-08-05,25686300,1785903659,2026-08-05T04:20:59+00:00,0x0b687b20593c2fe2b261bf4064c93501f68b0905886302a3a8ef3e6e2a991adf,378,ADD,0x7baece5d47f1bc5e1953fbe0e9931d54dab6d810,0xc36442b4a4522e871399cd717abdd847ab11fe88,0xc36442b4a4522e871399cd717abdd847ab11fe88,,-146400,-146000,516105563396940455802918,TURBO,10793564.053791044409974155,WETH,2.045323769932236032
2026-08-05,25686302,1785903683,2026-08-05T04:21:23+00:00,0xc8a88bf9205ff663c831b4a378e4cf9492e0f9bcaa518eb82420ebd5e393fdce,399,REMOVE,0x7baece5d47f1bc5e1953fbe0e9931d54dab6d810,0xc36442b4a4522e871399cd717abdd847ab11fe88,,,-146400,-146000,516105563396940455802918,TURBO,10793564.053791044409974154,WETH,2.045323769932236031
2026-08-05,25686306,1785903731,2026-08-05T04:22:11+00:00,0x7b5e665f933d0016ee5ba6a4f71d9eff5339ddc975e0b3293c50a9d72e30abfd,67,ADD,0x7baece5d47f1bc5e1953fbe0e9931d54dab6d810,0xc36442b4a4522e871399cd717abdd847ab11fe88,0xc36442b4a4522e871399cd717abdd847ab11fe88,,-146400,-146000,516733047364596339166114,TURBO,10806686.928020578195002936,WETH,2.047810485761940992
2026-08-05,25686907,1785910955,2026-08-05T06:22:35+00:00,0x7ce77bd5ec9230c5124d06d65b4a71e48f721f34d7ef8aaa101220be3becb182,105,REMOVE,0x7baece5d47f1bc5e1953fbe0e9931d54dab6d810,0xc36442b4a4522e871399cd717abdd847ab11fe88,,,-146400,-146000,516733047364596339166114,TURBO,10806686.928020578195002935,WETH,2.047810485761940991
2026-08-05,25686909,1785910979,2026-08-05T06:22:59+00:00,0xf23dc449b3ed54251888b17118e777ef8ea3e535fbca3d22d49b9f240cfbf665,152,ADD,0x7baece5d47f1bc5e1953fbe0e9931d54dab6d810,0xc36442b4a4522e871399cd717abdd847ab11fe88,0xc36442b4a4522e871399cd717abdd847ab11fe88,,-146400,-146000,515479601525021829780194,TURBO,10780473.011882262908470642,WETH,2.04284308616033536
2026-08-05,25687194,1785914435,2026-08-05T07:20:35+00:00,0x5e70dbcb9dae613ea45a5e27d757250de39ec383be3cba8d073a07b7550212ef,750,REMOVE,0x7baece5d47f1bc5e1953fbe0e9931d54dab6d810,0xc36442b4a4522e871399cd717abdd847ab11fe88,,,-146400,-146000,515479601525021829780194,TURBO,10801965.811155616664898349,WETH,2.03329956494335768
2026-08-05,25687372,1785916583,2026-08-05T07:56:23+00:00,0x35d9e5357fac009ef0689649f9ac541330eb6ed56ab730458d996a7f4fcf93eb,578,ADD,0x7baece5d47f1bc5e1953fbe0e9931d54dab6d810,0xc36442b4a4522e871399cd717abdd847ab11fe88,0xc36442b4a4522e871399cd717abdd847ab11fe88,,-146400,-146000,514766114314490250460071,TURBO,10787014.561034257979444303,WETH,2.03048522809962112
2026-08-05,25687649,1785919931,2026-08-05T08:52:11+00:00,0x8355f64c3bddb28cda578a8a8404af9e2009aa348ed642746e54d8acf516cc8e,300,REMOVE,0x7baece5d47f1bc5e1953fbe0e9931d54dab6d810,0xc36442b4a4522e871399cd717abdd847ab11fe88,,,-146400,-146000,514766114314490250460071,TURBO,10787014.561034257979444302,WETH,2.030485228099621119
2026-08-06,25692604,1785979595,2026-08-06T01:26:35+00:00,0x99634952ea281139c646425a9e52644c88711cb49041a6b33b0ead635a8b3a35,61,ADD,0x7baece5d47f1bc5e1953fbe0e9931d54dab6d810,0xc36442b4a4522e871399cd717abdd847ab11fe88,0xc36442b4a4522e871399cd717abdd847ab11fe88,,-146800,-146400,512262020714226596867067,TURBO,4712791.446585221819094313,WETH,4.663394569297723392
2026-08-06,25692890,1785983027,2026-08-06T02:23:47+00:00,0x204d5735fb4c5b787a093ced284e31ed009bcedbc216bac3a6e66441c8971d4a,351,REMOVE,0x7baece5d47f1bc5e1953fbe0e9931d54dab6d810,0xc36442b4a4522e871399cd717abdd847ab11fe88,,,-146800,-146400,512262020714226596867067,TURBO,4712791.446585221819094312,WETH,4.663394569297723391
2026-08-06,25693231,1785987131,2026-08-06T03:32:11+00:00,0x152a35b118f8e56438da987b4bd18d4865884191dde03c5663d29b4e0a17633a,142,ADD,0x7baece5d47f1bc5e1953fbe0e9931d54dab6d810,0xc36442b4a4522e871399cd717abdd847ab11fe88,0xc36442b4a4522e871399cd717abdd847ab11fe88,,-146600,-146200,515583714644200080059671,TURBO,10676876.874879156632184024,WETH,2.116154733502034176
2026-08-06,25693282,1785987743,2026-08-06T03:42:23+00:00,0x1f93755d817e31358d6df811a5ce37613e9f0b35c3b57cc019c305ae966bc279,77,REMOVE,0x7baece5d47f1bc5e1953fbe0e9931d54dab6d810,0xc36442b4a4522e871399cd717abdd847ab11fe88,,,-146600,-146200,515583714644200080059671,TURBO,10676876.874879156632184023,WETH,2.116154733502034175
2026-08-06,25693312,1785988103,2026-08-06T03:48:23+00:00,0x3d825e72375337445ba635c1db9a439380e99ddfa6fcfe9f6ba88b28144bbedb,111,ADD,0x7baece5d47f1bc5e1953fbe0e9931d54dab6d810,0xc36442b4a4522e871399cd717abdd847ab11fe88,0xc36442b4a4522e871399cd717abdd847ab11fe88,,-146600,-146200,514965137901975472385726,TURBO,10664067.184567363743961198,WETH,2.113615855597412608
2026-08-06,25693343,1785988475,2026-08-06T03:54:35+00:00,0x28d74438a0a06e122a44ad3864b4ef6d721cea7bd1546e476a544df3ce8572f8,93,REMOVE,0x7baece5d47f1bc5e1953fbe0e9931d54dab6d810,0xc36442b4a4522e871399cd717abdd847ab11fe88,,,-146600,-146200,514965137901975472385726,TURBO,10664067.184567363743961197,WETH,2.113615855597412607
2026-08-06,25693431,1785989531,2026-08-06T04:12:11+00:00,0x0f81ef21ac43060da6832229c01b4b188ce42851338fafb69c9930ba9145f951,349,ADD,0x7baece5d47f1bc5e1953fbe0e9931d54dab6d810,0xc36442b4a4522e871399cd717abdd847ab11fe88,0xc36442b4a4522e871399cd717abdd847ab11fe88,,-146600,-146200,601422870349332827242987,TURBO,10664067.184793993871234084,WETH,3.24970952225462272
2026-08-06,25693521,1785990611,2026-08-06T04:30:11+00:00,0xaf5f2ec054066c2952171d17050cc6306a6163c1658b816b5405b570cab0ae5b,1145,REMOVE,0x7baece5d47f1bc5e1953fbe0e9931d54dab6d810,0xc36442b4a4522e871399cd717abdd847ab11fe88,,,-146600,-146200,601422870349332827242987,TURBO,10664067.184793993871234083,WETH,3.249709522254622719
2026-08-06,25693559,1785991067,2026-08-06T04:37:47+00:00,0x32bea50d4014a99a0996eaed236d5e37db4a21595fcd479911e38ab1d7f86cdb,362,ADD,0x7baece5d47f1bc5e1953fbe0e9931d54dab6d810,0xc36442b4a4522e871399cd717abdd847ab11fe88,0xc36442b4a4522e871399cd717abdd847ab11fe88,,-146600,-146200,597124434110981554529642,TURBO,10587849.90890505744757411,WETH,3.22648348636001024
2026-08-06,25696202,1786022819,2026-08-06T13:26:59+00:00,0xb2eb98c05017639eb46ba0394fac83e9115e090efd05485b18575eca36a7d2ea,376,REMOVE,0x7baece5d47f1bc5e1953fbe0e9931d54dab6d810,0xc36442b4a4522e871399cd717abdd847ab11fe88,,,-146600,-146200,597124434110981554529642,TURBO,12468468.371940473266989788,WETH,2.405970271287300967
2026-08-06,25698946,1786055819,2026-08-06T22:36:59+00:00,0xaf7f91979293d294d6563b728e39d3b4bf3fa036e6853d032bc373207e7eea36,196,ADD,0x7baece5d47f1bc5e1953fbe0e9931d54dab6d810,0xc36442b4a4522e871399cd717abdd847ab11fe88,0xc36442b4a4522e871399cd717abdd847ab11fe88,,-147000,-146600,525165814202794415151381,TURBO,5033538.314173686706921956,WETH,4.668096917433217024
2026-08-07,25701651,1786088387,2026-08-07T07:39:47+00:00,0x10d5619b8ceb663024e6732492d9aaa931fd047b8092279a0fbb57d2d6fa7503,152,REMOVE,0x7baece5d47f1bc5e1953fbe0e9931d54dab6d810,0xc36442b4a4522e871399cd717abdd847ab11fe88,,,-147000,-146600,525165814202794415151381,TURBO,3718684.87323016174579197,WETH,5.227474586944277093
2026-08-08,25706954,1786152311,2026-08-08T01:25:11+00:00,0xfe791ab3b476946242b8e4e4cbb613765da08effc62109b2d8584aba9cf90ec5,142,ADD,0x7baece5d47f1bc5e1953fbe0e9931d54dab6d810,0xc36442b4a4522e871399cd717abdd847ab11fe88,0xc36442b4a4522e871399cd717abdd847ab11fe88,,-147200,-146800,544221689487753730035219,TURBO,5624751.114348694791028582,WETH,4.641138706788745216
2026-08-08,25706986,1786152695,2026-08-08T01:31:35+00:00,0x655b9f866ff97d299a85355832f56b8ce9c4fa39429b7b97873e5811892c7ebf,402,REMOVE,0x7baece5d47f1bc5e1953fbe0e9931d54dab6d810,0xc36442b4a4522e871399cd717abdd847ab11fe88,,,-147200,-146800,544221689487753730035219,TURBO,5624751.114348694791028581,WETH,4.641138706788745215
2026-08-08,25707898,1786163759,2026-08-08T04:35:59+00:00,0x8f1233feb92a5e021ced47af55a824815cbee0b02d6aa6a63210af9497afbdd5,112,ADD,0x7baece5d47f1bc5e1953fbe0e9931d54dab6d810,0xc36442b4a4522e871399cd717abdd847ab11fe88,0xc36442b4a4522e871399cd717abdd847ab11fe88,,-147000,-146600,661776577975994367105932,TURBO,9285707.030682662697613101,WETH,4.636103555380534272
2026-08-08,25708189,1786167299,2026-08-08T05:34:59+00:00,0xe08c9627b1cb6259aa94fc59f1c951ca672bcbe2bc3b8967366643b2132674d3,52,REMOVE,0x7baece5d47f1bc5e1953fbe0e9931d54dab6d810,0xc36442b4a4522e871399cd717abdd847ab11fe88,,,-147000,-146600,661776577975994367105932,TURBO,9285707.0306826626976131,WETH,4.636103555380534271
2026-08-08,25708247,1786167995,2026-08-08T05:46:35+00:00,0xf2020edfd87079728f26c90906877241f50d6367cb38c0c29773a40ff02b2ca5,89,ADD,0x7baece5d47f1bc5e1953fbe0e9931d54dab6d810,0xc36442b4a4522e871399cd717abdd847ab11fe88,0xc36442b4a4522e871399cd717abdd847ab11fe88,,-147000,-146600,661707550699661606645256,TURBO,9284738.475604584307910228,WETH,4.635619981902906368
2026-08-08,25708318,1786168871,2026-08-08T06:01:11+00:00,0xcec8a9ab8e5aa46f3a158e3aca47d57350bf3f1c84320afcd4660ff099facb29,348,REMOVE,0x7baece5d47f1bc5e1953fbe0e9931d54dab6d810,0xc36442b4a4522e871399cd717abdd847ab11fe88,,,-147000,-146600,661707550699661606645256,TURBO,9284738.475604584307910227,WETH,4.635619981902906367
2026-08-08,25708945,1786176431,2026-08-08T08:07:11+00:00,0xa65acd6d83beea4c4da83ce8b8bd0f5989009eff39cef05d56d1386d2b2207c1,135,ADD,0x7baece5d47f1bc5e1953fbe0e9931d54dab6d810,0xc36442b4a4522e871399cd717abdd847ab11fe88,0xc36442b4a4522e871399cd717abdd847ab11fe88,,-146800,-146400,666197143889676319556773,TURBO,10721954.159911813276677386,WETH,4.082784147107072
2026-08-08,25709035,1786177511,2026-08-08T08:25:11+00:00,0xe1a1156bd601c3e242a2825bed725c165b993bab1756394b4553a0da37770261,146,REMOVE,0x7baece5d47f1bc5e1953fbe0e9931d54dab6d810,0xc36442b4a4522e871399cd717abdd847ab11fe88,,,-146800,-146400,666197143889676319556773,TURBO,10721954.159911813276677385,WETH,4.082784147107071999
2026-08-08,25709060,1786177823,2026-08-08T08:30:23+00:00,0xa54da2b66a1da8b0b74bb6b27ce3004be09af63a977777dc902f59013a78d86a,125,ADD,0x7baece5d47f1bc5e1953fbe0e9931d54dab6d810,0xc36442b4a4522e871399cd717abdd847ab11fe88,0xc36442b4a4522e871399cd717abdd847ab11fe88,,-146800,-146400,665795578402099804556367,TURBO,10715491.258067384112177429,WETH,4.080323156059992064
2026-08-08,25709118,1786178519,2026-08-08T08:41:59+00:00,0x06f9ff297923f044d9926e0941c50572f976f04ab656db2550897ac755140b70,59,REMOVE,0x7baece5d47f1bc5e1953fbe0e9931d54dab6d810,0xc36442b4a4522e871399cd717abdd847ab11fe88,,,-146800,-146400,665795578402099804556367,TURBO,10715491.258067384112177428,WETH,4.080323156059992063
2026-08-08,25709258,1786180223,2026-08-08T09:10:23+00:00,0xdcc578ab6452a0f4800b4f957a96356bb68f02214b213af3b8de1d84657a2bbb,264,ADD,0x7baece5d47f1bc5e1953fbe0e9931d54dab6d810,0xc36442b4a4522e871399cd717abdd847ab11fe88,0xc36442b4a4522e871399cd717abdd847ab11fe88,,-146800,-146400,665795578402099804556367,TURBO,10715491.258067384112177429,WETH,4.080323156059992064
2026-08-08,25709326,1786181051,2026-08-08T09:24:11+00:00,0x1a9a74d91b8a561d866e3aed65fac7615fc53d97979563f4f26b899e00480822,176,REMOVE,0x7baece5d47f1bc5e1953fbe0e9931d54dab6d810,0xc36442b4a4522e871399cd717abdd847ab11fe88,,,-146800,-146400,665795578402099804556367,TURBO,10715491.258067384112177428,WETH,4.080323156059992063
2026-08-08,25709356,1786181423,2026-08-08T09:30:23+00:00,0x0979661c0f682c230e5f9058d40a78cd20bcea894d4d8c263194b65498713588,208,ADD,0x7baece5d47f1bc5e1953fbe0e9931d54dab6d810,0xc36442b4a4522e871399cd717abdd847ab11fe88,0xc36442b4a4522e871399cd717abdd847ab11fe88,,-146800,-146400,664993897994631690893811,TURBO,10702588.800200954133273322,WETH,4.075410063758895104
2026-08-08,25709525,1786183451,2026-08-08T10:04:11+00:00,0xd278e08fdc327e8564002ecfa1c699cd1789959f6c0a21fb01981aa7e0238597,902,REMOVE,0x7baece5d47f1bc5e1953fbe0e9931d54dab6d810,0xc36442b4a4522e871399cd717abdd847ab11fe88,,,-146800,-146400,664993897994631690893811,TURBO,10702588.800200954133273321,WETH,4.075410063758895103
2026-08-08,25709558,1786183847,2026-08-08T10:10:47+00:00,0x87415a6bdb303f8153a930e64b937a99cbe940ea5bafd2e9b844f2b35a7edf47,57,ADD,0x7baece5d47f1bc5e1953fbe0e9931d54dab6d810,0xc36442b4a4522e871399cd717abdd847ab11fe88,0xc36442b4a4522e871399cd717abdd847ab11fe88,,-146800,-146400,664194145862347213633875,TURBO,10689717.376508591506490783,WETH,4.070508788877646336
2026-08-08,25709589,1786184231,2026-08-08T10:17:11+00:00,0xbeaf0845a40ab7d40901f783ba7765eea56e13c171590d6345c1a15114c3b3b4,234,REMOVE,0x7baece5d47f1bc5e1953fbe0e9931d54dab6d810,0xc36442b4a4522e871399cd717abdd847ab11fe88,,,-146800,-146400,664194145862347213633875,TURBO,10689717.376508591506490782,WETH,4.070508788877646335
2026-08-08,25709671,1786185227,2026-08-08T10:33:47+00:00,0xe39770c73f59ee4e1f3b564753f0f443bb3a48c9d75abe6e377735a0c36aaf6c,686,ADD,0x7baece5d47f1bc5e1953fbe0e9931d54dab6d810,0xc36442b4a4522e871399cd717abdd847ab11fe88,0xc36442b4a4522e871399cd717abdd847ab11fe88,,-146800,-146400,703746274441266778713354,TURBO,10676876.875161820995414376,WETH,4.592037716232408064
2026-08-08,25709673,1786185251,2026-08-08T10:34:11+00:00,0xf4231d849276217cde119626f9e64963920d8ba6ca093ea16efcb77f5c01615c,248,REMOVE,0x7baece5d47f1bc5e1953fbe0e9931d54dab6d810,0xc36442b4a4522e871399cd717abdd847ab11fe88,,,-146800,-146400,703746274441266778713354,TURBO,10676876.875161820995414375,WETH,4.592037716232408063
2026-08-08,25709822,1786187039,2026-08-08T11:03:59+00:00,0x44e7cc46688663413af1e4b67dbdb1aa1d26582674e7cc38ecb257a2c54f6986,125,ADD,0x7baece5d47f1bc5e1953fbe0e9931d54dab6d810,0xc36442b4a4522e871399cd717abdd847ab11fe88,0xc36442b4a4522e871399cd717abdd847ab11fe88,,-146800,-146400,703323857709909393302831,TURBO,10670468.185560882277364349,WETH,4.58928139107260416
2026-08-08,25709824,1786187063,2026-08-08T11:04:23+00:00,0xfb33d364475fe427676f6a32e0d6e10d0b00cc665729988183b209eba2221f53,195,REMOVE,0x7baece5d47f1bc5e1953fbe0e9931d54dab6d810,0xc36442b4a4522e871399cd717abdd847ab11fe88,,,-146800,-146400,703323857709909393302831,TURBO,10670468.185560882277364348,WETH,4.589281391072604159
2026-08-08,25709840,1786187255,2026-08-08T11:07:35+00:00,0x94398571a8974abf5d18c4dff61e310b3d925531430b594df16673285d1fe01a,112,ADD,0x7baece5d47f1bc5e1953fbe0e9931d54dab6d810,0xc36442b4a4522e871399cd717abdd847ab11fe88,0xc36442b4a4522e871399cd717abdd847ab11fe88,,-146800,-146400,703323857709909393302831,TURBO,10670468.185560882277364349,WETH,4.58928139107260416
2026-08-08,25709923,1786188251,2026-08-08T11:24:11+00:00,0x0ccdc00aa334f4588000fd834a96815a56bb9fedb3cdc616e7e66cb04d957c27,229,REMOVE,0x7baece5d47f1bc5e1953fbe0e9931d54dab6d810,0xc36442b4a4522e871399cd717abdd847ab11fe88,,,-146800,-146400,703323857709909393302831,TURBO,10670468.185560882277364348,WETH,4.589281391072604159
2026-08-08,25709993,1786189103,2026-08-08T11:38:23+00:00,0x7a1b3d8bcdfb374e1cb244b3e408f0fcd9f30ece118e375d39e7b952db570c37,96,ADD,0x7baece5d47f1bc5e1953fbe0e9931d54dab6d810,0xc36442b4a4522e871399cd717abdd847ab11fe88,0xc36442b4a4522e871399cd717abdd847ab11fe88,,-146800,-146400,704592631957131154241901,TURBO,10689717.376514991454208983,WETH,4.597560311200817152
2026-08-08,25710060,1786189907,2026-08-08T11:51:47+00:00,0xc6418c6b3c9b6782425989945c8ce04dd1ea5b8adab587f3c2969171737a596b,190,REMOVE,0x7baece5d47f1bc5e1953fbe0e9931d54dab6d810,0xc36442b4a4522e871399cd717abdd847ab11fe88,,,-146800,-146400,704592631957131154241901,TURBO,10689717.376514991454208982,WETH,4.597560311200817151
2026-08-08,25710168,1786191203,2026-08-08T12:13:23+00:00,0x51f475d72af884ea1a7bf1c7f1ef2d0f3b237536e4d0b127a77aef093b5e2b81,63,ADD,0x7baece5d47f1bc5e1953fbe0e9931d54dab6d810,0xc36442b4a4522e871399cd717abdd847ab11fe88,0xc36442b4a4522e871399cd717abdd847ab11fe88,,-146800,-146400,703746274441266778713354,TURBO,10676876.875161820995414376,WETH,4.592037716232408064
2026-08-08,25710840,1786199291,2026-08-08T14:28:11+00:00,0x034b87a72fd815de9eed2f973cd2fe4cd4afcfdd449bc8169cb124fe20fe9a02,378,REMOVE,0x7baece5d47f1bc5e1953fbe0e9931d54dab6d810,0xc36442b4a4522e871399cd717abdd847ab11fe88,,,-146800,-146400,703746274441266778713354,TURBO,10672416.964509291694199503,WETH,4.593955895423329114
2026-08-08,25711420,1786206275,2026-08-08T16:24:35+00:00,0x7273e34293eb31e3adb7fa565cc52161a86a7d960489da33bc4bcb1eca1f972c,140,ADD,0x7baece5d47f1bc5e1953fbe0e9931d54dab6d810,0xc36442b4a4522e871399cd717abdd847ab11fe88,0xc36442b4a4522e871399cd717abdd847ab11fe88,,-146600,-146200,567522820944173720873381,TURBO,10500295.331947007167315707,WETH,2.875431047909642752
2026-08-08,25711486,1786207067,2026-08-08T16:37:47+00:00,0xe2aae81fc3387432cc76640e0f5eb343ebe22da3b6ec93414a7a97137caf7026,186,REMOVE,0x7baece5d47f1bc5e1953fbe0e9931d54dab6d810,0xc36442b4a4522e871399cd717abdd847ab11fe88,,,-146600,-146200,567522820944173720873381,TURBO,10500295.331947007167315706,WETH,2.875431047909642751
2026-08-08,25711539,1786207715,2026-08-08T16:48:35+00:00,0xc93ec1397f2bff4580221d0999dba726868dddf091c4b042320940e57c831e89,146,ADD,0x7baece5d47f1bc5e1953fbe0e9931d54dab6d810,0xc36442b4a4522e871399cd717abdd847ab11fe88,0xc36442b4a4522e871399cd717abdd847ab11fe88,,-146600,-146200,631636876704783596473312,TURBO,10487905.603017935156948801,WETH,3.72444678988601088
2026-08-09,25714156,1786239203,2026-08-09T01:33:23+00:00,0x7831eb1f7b034e1240993a5ed9c85ef14860c2c7c0263fe34e4ec0f0c6026e38,613,REMOVE,0x7baece5d47f1bc5e1953fbe0e9931d54dab6d810,0xc36442b4a4522e871399cd717abdd847ab11fe88,,,-146600,-146200,631636876704783596473312,TURBO,10123351.069071093111631446,WETH,3.884131853629047076
2026-08-09,25714169,1786239359,2026-08-09T01:35:59+00:00,0x1f0670ac1f304b6282d6fa59728d068eba5189160f20b804bb544e763248fd12,112,ADD,0x7baece5d47f1bc5e1953fbe0e9931d54dab6d810,0xc36442b4a4522e871399cd717abdd847ab11fe88,0xc36442b4a4522e871399cd717abdd847ab11fe88,,-146600,-146200,655930830028850613904800,TURBO,10512714.368500653665932668,WETH,4.033522938026876928
2026-08-09,25714361,1786241663,2026-08-09T02:14:23+00:00,0xd0986fd98ec3f1f816b53e160ee9a9c444d7b6480c33c304471d407cd9fbfc6f,68,REMOVE,0x7baece5d47f1bc5e1953fbe0e9931d54dab6d810,0xc36442b4a4522e871399cd717abdd847ab11fe88,,,-146600,-146200,655930830028850613904800,TURBO,10473614.493719008531630334,WETH,4.050656994336573342
2026-08-09,25714470,1786242971,2026-08-09T02:36:11+00:00,0x7d44fe02d1a407029c00ef0ed76d547a2a824bb79e99690bb817571e5f82af3f,188,ADD,0x7baece5d47f1bc5e1953fbe0e9931d54dab6d810,0xc36442b4a4522e871399cd717abdd847ab11fe88,0xc36442b4a4522e871399cd717abdd847ab11fe88,,-146400,-146000,624397365881945238225218,TURBO,10305507.244705710198880037,WETH,3.700461386352566272
2026-08-09,25714587,1786244375,2026-08-09T02:59:35+00:00,0x1762a6ee25249bebbb701bd60609487518b36fc35327f1666c847f34051083c2,64,REMOVE,0x7baece5d47f1bc5e1953fbe0e9931d54dab6d810,0xc36442b4a4522e871399cd717abdd847ab11fe88,,,-146400,-146000,624397365881945238225218,TURBO,9906961.274081857356277041,WETH,3.878554446145464252
2026-08-09,25714606,1786244603,2026-08-09T03:03:23+00:00,0x4b53fc93ee9de59b8caa2595e77d62158a176875f5cd83aca503c7365143c22b,806,ADD,0x7baece5d47f1bc5e1953fbe0e9931d54dab6d810,0xc36442b4a4522e871399cd717abdd847ab11fe88,0xc36442b4a4522e871399cd717abdd847ab11fe88,,-146400,-146000,649516173492429187420763,TURBO,10305507.244718170658537902,WETH,4.034584353161335808
2026-08-09,25714671,1786245383,2026-08-09T03:16:23+00:00,0x6e6c09d214d099da39ad18a789ae30fa9c242144794e6895e38b479efe985d69,213,REMOVE,0x7baece5d47f1bc5e1953fbe0e9931d54dab6d810,0xc36442b4a4522e871399cd717abdd847ab11fe88,,,-146400,-146000,649516173492429187420763,TURBO,10305507.244718170658537901,WETH,4.034584353161335807
2026-08-09,25714686,1786245563,2026-08-09T03:19:23+00:00,0xe125c11794e630b6389281c97769a04110cc0f3d5d243fc2cb3bc947a6ffe3bd,113,ADD,0x7baece5d47f1bc5e1953fbe0e9931d54dab6d810,0xc36442b4a4522e871399cd717abdd847ab11fe88,0xc36442b4a4522e871399cd717abdd847ab11fe88,,-146400,-146000,650270109851677348672987,TURBO,10317469.52822915844359661,WETH,4.03926756192878848
2026-08-09,25714910,1786248263,2026-08-09T04:04:23+00:00,0xc39529b20bbfd6ba4d3c6d5000feae61dff08d0bfcd4ff4056ebe100e1c9ad65,78,REMOVE,0x7baece5d47f1bc5e1953fbe0e9931d54dab6d810,0xc36442b4a4522e871399cd717abdd847ab11fe88,,,-146400,-146000,650270109851677348672987,TURBO,10317469.528229158443596609,WETH,4.039267561928788479
2026-08-09,25714911,1786248275,2026-08-09T04:04:35+00:00,0x2a5779789c0d5e2787e97c6109a9dfe9f1ba5d441c4d62830a86ea54780bd5ae,556,ADD,0x7baece5d47f1bc5e1953fbe0e9931d54dab6d810,0xc36442b4a4522e871399cd717abdd847ab11fe88,0xc36442b4a4522e871399cd717abdd847ab11fe88,,-146400,-146000,649516173492429187420763,TURBO,10305507.244718170658537902,WETH,4.034584353161335808
2026-08-09,25715165,1786251335,2026-08-09T04:55:35+00:00,0x1c15c6b558a2ee5aee3fb1d6dd8fc56e0094ad15286dc9866571dd44c3c1735e,52,REMOVE,0x7baece5d47f1bc5e1953fbe0e9931d54dab6d810,0xc36442b4a4522e871399cd717abdd847ab11fe88,,,-146400,-146000,649516173492429187420763,TURBO,10306185.555978788622943847,WETH,4.034281115875400616
2026-08-09,25716036,1786261799,2026-08-09T07:49:59+00:00,0x66430777ca9ac3a3811bb57396900a287af74e416309bf5b1386a72f8be5fb53,436,ADD,0x7baece5d47f1bc5e1953fbe0e9931d54dab6d810,0xc36442b4a4522e871399cd717abdd847ab11fe88,0xc36442b4a4522e871399cd717abdd847ab11fe88,,-146600,-146200,593278318042460477047589,TURBO,7263709.134181140162786638,WETH,4.63441148944046592
2026-08-09,25716044,1786261895,2026-08-09T07:51:35+00:00,0xcb3ece9c699587b11eaf08fbf5c10c098e7eb69f5890ff6f16189cb3a1a2d51d,145,REMOVE,0x7baece5d47f1bc5e1953fbe0e9931d54dab6d810,0xc36442b4a4522e871399cd717abdd847ab11fe88,,,-146600,-146200,593278318042460477047589,TURBO,7263709.134181140162786637,WETH,4.634411489440465919
2026-08-09,25717249,1786276427,2026-08-09T11:53:47+00:00,0x1013363e168478013a325f9bee7c8501de383519313779ede787797322c19fa4,1908,ADD,0x7baece5d47f1bc5e1953fbe0e9931d54dab6d810,0xc36442b4a4522e871399cd717abdd847ab11fe88,0xc36442b4a4522e871399cd717abdd847ab11fe88,,-146600,-146200,691416327241343726886117,TURBO,10638539.794821182797128038,WETH,4.445896238322685952
2026-08-09,25717250,1786276439,2026-08-09T11:53:59+00:00,0x19cda980fd9a0873455ea22c0ff1f5faed0749429f1cda7eab5e1088fae82d44,580,REMOVE,0x7baece5d47f1bc5e1953fbe0e9931d54dab6d810,0xc36442b4a4522e871399cd717abdd847ab11fe88,,,-146600,-146200,691416327241343726886117,TURBO,10535177.966092836975289109,WETH,4.491231827298489546
2026-08-09,25717425,1786278539,2026-08-09T12:28:59+00:00,0x1ca84b13fbf827bcd1bc616a96458ac49c9caa072998e7d1405fc2b557e8d16c,91,ADD,0x7baece5d47f1bc5e1953fbe0e9931d54dab6d810,0xc36442b4a4522e871399cd717abdd847ab11fe88,0xc36442b4a4522e871399cd717abdd847ab11fe88,,-146600,-146200,643292974849439729704402,TURBO,10664067.184833172691959565,WETH,3.800787164788396032
2026-08-09,25718143,1786287179,2026-08-09T14:52:59+00:00,0xbd4c01c003e252281bce0fa67cf8c71819d4cb50fd28de00ec091c63d52abc04,154,REMOVE,0x7baece5d47f1bc5e1953fbe0e9931d54dab6d810,0xc36442b4a4522e871399cd717abdd847ab11fe88,,,-146600,-146200,643292974849439729704402,TURBO,10657340.137587655754313583,WETH,3.803732799641524164
2026-08-09,25718993,1786297403,2026-08-09T17:43:23+00:00,0xe74ced202e835a50f9d65bbf70b4861913f522bf7c1e15f3fdc8e7b66bb34ec9,210,ADD,0x7baece5d47f1bc5e1953fbe0e9931d54dab6d810,0xc36442b4a4522e871399cd717abdd847ab11fe88,0xc36442b4a4522e871399cd717abdd847ab11fe88,,-146200,-145800,651168279185844847475456,TURBO,9059529.981987999816352267,WETH,4.619478363004674048
2026-08-09,25719076,1786298399,2026-08-09T17:59:59+00:00,0x539a50c0184d69882a0c1971bd7284eef5089097ed08e2f146679741e8d8bf9b,654,REMOVE,0x7baece5d47f1bc5e1953fbe0e9931d54dab6d810,0xc36442b4a4522e871399cd717abdd847ab11fe88,,,-146200,-145800,651168279185844847475456,TURBO,9059529.981987999816352266,WETH,4.619478363004674047
2026-08-09,25719078,1786298423,2026-08-09T18:00:23+00:00,0xdb6670ac994dfbb75cdfbaf0fbdaef43b9facdd72f1614215c4337daa6d1bfb1,76,ADD,0x7baece5d47f1bc5e1953fbe0e9931d54dab6d810,0xc36442b4a4522e871399cd717abdd847ab11fe88,0xc36442b4a4522e871399cd717abdd847ab11fe88,,-146200,-145800,651517039824271551394879,TURBO,9064382.195404037917639319,WETH,4.621952519493215232
2026-08-09,25719081,1786298459,2026-08-09T18:00:59+00:00,0xc44388b7463514aac69ac8e6fe0dd51526ed8a03a7a3eabc309d206a019d063d,531,REMOVE,0x7baece5d47f1bc5e1953fbe0e9931d54dab6d810,0xc36442b4a4522e871399cd717abdd847ab11fe88,,,-146200,-145800,651517039824271551394879,TURBO,9064382.195404037917639318,WETH,4.621952519493215231
